<?xml version="1.0" encoding="UTF-8"?>
<!DOCTYPE mapper PUBLIC "-//mybatis.org//DTD Mapper 3.0//EN" "http://mybatis.org/dtd/mybatis-3-mapper.dtd">
<mapper namespace="com.cmiot.mybatis.dao.CtCmCertInfoDao">
    <resultMap id="BaseResultMap" type="com.cmiot.mybatis.vo.CtCmCertInfoVo">
        <id column="ID" jdbcType="VARCHAR" property="id"/>
        <result column="CUST_ID" jdbcType="VARCHAR" property="custId"/>
        <result column="BE_ID" jdbcType="NUMERIC" property="beId"/>
        <result column="SUBS_ID" jdbcType="NUMERIC" property="subsId"/>
        <result column="STATUS" jdbcType="VARCHAR" property="status"/>
        <result column="CREATE_TIME" jdbcType="TIMESTAMP" property="createTime"/>
        <result column="EFF_DATE" jdbcType="TIMESTAMP" property="effDate"/>
        <result column="EXP_DATE" jdbcType="TIMESTAMP" property="expDate"/>
        <result column="MODIFY_TIME" jdbcType="TIMESTAMP" property="modifyTime"/>
        <result column="WRITTEN_LANG" jdbcType="VARCHAR" property="writtenLang"/>
        <result column="VOCIE_LANG" jdbcType="VARCHAR" property="vocieLang"/>
        <result column="ID_TYPE" jdbcType="VARCHAR" property="idType"/>
        <result column="ID_NUMBER" jdbcType="VARCHAR" property="idNumber"/>
        <result column="ADDR" jdbcType="VARCHAR" property="addr"/>
        <result column="NAME" jdbcType="VARCHAR" property="name"/>
        <result column="EMAIL" jdbcType="VARCHAR" property="email"/>
        <result column="MOBILE_PHONE" jdbcType="VARCHAR" property="mobilePhone"/>
        <result column="CUSTID_INDEX" jdbcType="VARCHAR" property="custidIndex"/>
        <result column="SUBS_NAME" jdbcType="VARCHAR" property="subsName"/>
        <result column="OP_CODE" jdbcType="VARCHAR" property="opCode"/>
        <result column="SOURCE_TYPE" jdbcType="VARCHAR" property="sourceType"/>
        <result column="USED" jdbcType="NUMERIC" property="used"/>
        <result column="INDEX_DATE" jdbcType="TIMESTAMP" property="indexDate"/>
    </resultMap>

    <sql id="Blob_Column_List">
        ID,CUST_ID,BE_ID,SUBS_ID,STATUS,CREATE_TIME,EFF_DATE,EXP_DATE,MODIFY_TIME,WRITTEN_LANG,VOCIE_LANG,ID_TYPE,ID_NUMBER,ADDR,NAME,EMAIL,MOBILE_PHONE,CUSTID_INDEX,SUBS_NAME,OP_CODE,SOURCE_TYPE,USED,INDEX_DATE
    </sql>
<!--已废弃-->
    <select id="selectLastByIdNumber" parameterType="java.lang.String" resultMap="BaseResultMap">
        select * from
            (select <include refid="Blob_Column_List"/>
            from BD_CT_CUSTINFO_CM_CERT_INFO
            where USED = 1
            and ID_NUMBER = #{idNumber,jdbcType=VARCHAR}
            order by INDEX_DATE desc
            )where rownum = 1

    </select>
    <!--已废弃-->
    <insert id="insert" parameterType="com.cmiot.mybatis.vo.CtCmCertInfoVo">
        insert into BD_CT_CUSTINFO_CM_CERT_INFO
        <trim prefix="(" suffix=")" suffixOverrides=",">
            id,
            <if test="custId != null and custId != '' and custId != 'null'">
                CUST_ID,
            </if>
            <if test="beId != null and beId != '' and beId != 'null'">
                BE_ID,
            </if>
            <if test="subsId != null and subsId != '' and subsId != 'null'">
                SUBS_ID,
            </if>
            <if test="status != null and status != '' and status != 'null'">
                STATUS,
            </if>
            <if test="createTime != null">
                CREATE_TIME,
            </if>
            <if test="effDate != null">
                EFF_DATE,
            </if>
            <if test="expDate != null">
                EXP_DATE,
            </if>
            <if test="modifyTime != null ">
                MODIFY_TIME,
            </if>
            <if test="writtenLang != null and writtenLang != '' and writtenLang != 'null'">
                WRITTEN_LANG,
            </if>
            <if test="vocieLang != null and vocieLang != '' and vocieLang != 'null'">
                VOCIE_LANG,
            </if>
            <if test="idType != null and idType != '' and idType != 'null'">
                ID_TYPE,
            </if>
            <if test="idNumber != null and idNumber != '' and idNumber != 'null'">
                ID_NUMBER,
            </if>
            <if test="addr != null and addr != '' and addr != 'null'">
                ADDR,
            </if>
            <if test="name != null and name != '' and name != 'null'">
                NAME,
            </if>
            <if test="email != null and email != '' and email != 'null'">
                EMAIL,
            </if>
            <if test="mobilePhone != null and mobilePhone != '' and mobilePhone != 'null'">
                MOBILE_PHONE,
            </if>
            <if test="custidIndex != null and custidIndex != '' and custidIndex != 'null'">
                CUSTID_INDEX,
            </if>
            <if test="subsName != null and subsName != '' and subsName != 'null'">
                SUBS_NAME,
            </if>
            <if test="opCode != null and opCode != '' and opCode != 'null'">
                OP_CODE,
            </if>
            <if test="sourceType != null and sourceType != '' and sourceType != 'null'">
                SOURCE_TYPE,
            </if>
            INDEX_DATE,
        </trim>
        <trim prefix="values (" suffix=")" suffixOverrides=",">
            #{id,jdbcType=VARCHAR},
            <if test="custId != null and custId != '' and custId != 'null'">
                #{custId,jdbcType=VARCHAR},
            </if>
            <if test="beId != null and beId != '' and beId != 'null'">
                #{beId,jdbcType=NUMERIC},
            </if>
            <if test="subsId != null and subsId != '' and subsId != 'null'">
                #{subsId,jdbcType=NUMERIC},
            </if>
            <if test="status != null and status != '' and status != 'null'">
                #{status,jdbcType=VARCHAR},
            </if>
            <if test="createTime != null">
                #{createTime,jdbcType=TIMESTAMP},
            </if>
            <if test="effDate != null">
                #{effDate,jdbcType=TIMESTAMP},
            </if>
            <if test="expDate != null">
                #{expDate,jdbcType=TIMESTAMP},
            </if>
            <if test="modifyTime != null">
                #{modifyTime,jdbcType=TIMESTAMP},
            </if>
            <if test="writtenLang != null and writtenLang != '' and writtenLang != 'null'">
                #{writtenLang,jdbcType=VARCHAR},
            </if>
            <if test="vocieLang != null and vocieLang != '' and vocieLang != 'null'">
                #{vocieLang,jdbcType=VARCHAR},
            </if>
            <if test="idType != null and idType != '' and idType != 'null'">
                #{idType,jdbcType=VARCHAR},
            </if>
            <if test="idNumber != null and idNumber != '' and idNumber != 'null'">
                #{idNumber,jdbcType=VARCHAR},
            </if>
            <if test="addr != null and addr != '' and addr != 'null'">
                #{addr,jdbcType=VARCHAR},
            </if>
            <if test="name != null and name != '' and name != 'null'">
                #{name,jdbcType=VARCHAR},
            </if>
            <if test="email != null and email != '' and email != 'null'">
                #{email,jdbcType=VARCHAR},
            </if>
            <if test="mobilePhone != null and mobilePhone != '' and mobilePhone != 'null'">
                #{mobilePhone,jdbcType=VARCHAR},
            </if>
            <if test="custidIndex != null and custidIndex != '' and custidIndex != 'null'">
                #{custidIndex,jdbcType=VARCHAR},
            </if>
            <if test="subsName != null and subsName != '' and subsName != 'null'">
                #{subsName,jdbcType=VARCHAR},
            </if>
            <if test="opCode != null and opCode != '' and opCode != 'null'">
                #{opCode,jdbcType=VARCHAR},
            </if>
            <if test="sourceType != null and sourceType != '' and sourceType != 'null'">
                #{sourceType,jdbcType=VARCHAR},
            </if>
            SYSDATE,
        </trim>
    </insert>
    <!--已废弃-->
    <update id="disable" parameterType="java.lang.String">
        update BD_CT_CUSTINFO_CM_CERT_INFO
        set USED = 0
        where id = #{id,jdbcType=VARCHAR}
    </update>
</mapper>