<?xml version="1.0" encoding="UTF-8"?>
<!DOCTYPE mapper PUBLIC "-//mybatis.org//DTD Mapper 3.0//EN" "http://mybatis.org/dtd/mybatis-3-mapper.dtd">
<mapper namespace="com.cmiot.mybatis.dao.CtPersonalIdentityDetailDao">
    <resultMap id="BaseResultMap" type="com.cmiot.mybatis.vo.CtPersonalIdentityDetailVo">
        <id column="ID" jdbcType="VARCHAR" property="id"/>
        <result column="CUST_CERT_NO" jdbcType="VARCHAR" property="custCertNo"/>
        <result column="ICCID" jdbcType="VARCHAR" property="iccid"/>
        <result column="MSISDN" jdbcType="VARCHAR" property="msisdn"/>
        <result column="BE_ID" jdbcType="VARCHAR" property="beId"/>
        <result column="CUST_PHONE_NO" jdbcType="VARCHAR" property="custPhoneNo"/>
        <result column="BILL_ID" jdbcType="VARCHAR" property="billId"/>
        <result column="REAL_NAME_TRANS_ID" jdbcType="VARCHAR" property="realNameTransId"/>
        <result column="CHANNEL_ID" jdbcType="VARCHAR" property="channelId"/>
        <result column="OPER_CODE" jdbcType="VARCHAR" property="operCode"/>
        <result column="KEEP_PARAM" jdbcType="VARCHAR" property="keepParam"/>
        <result column="OPER_TEL" jdbcType="VARCHAR" property="operTel"/>
        <result column="SOURCE_TYPE" jdbcType="VARCHAR" property="sourceType"/>
        <result column="CUST_ID" jdbcType="VARCHAR" property="custId"/>
        <result column="CHANGE_INFO_TRANS_ID" jdbcType="VARCHAR" property="changeInfoTransId"/>
        <result column="AUTH_CHANNEL" jdbcType="VARCHAR" property="authChannel"/>
        <result column="CREATE_TIME" jdbcType="TIMESTAMP" property="createTime"/>
        <result column="MODIFY_TIME" jdbcType="TIMESTAMP" property="modifyTime"/>
        <result column="RECORD_STATUS" jdbcType="VARCHAR" property="recordStatus"/>
        <result column="CUST_PHOTO_IDENTITY" jdbcType="BLOB" property="custPhotoIdentity"/>
        <result column="CUST_PHOTO_SCENE" jdbcType="BLOB" property="custPhotoScene"/>
        <result column="CUST_PHOTO_FRONT" jdbcType="BLOB" property="custPhotoFront"/>
        <result column="CUST_PHOTO_BACK" jdbcType="BLOB" property="custPhotoBack"/>
        <result column="USED" jdbcType="NUMERIC" property="used"/>
        <result column="INDEX_DATE" jdbcType="TIMESTAMP" property="indexDate"/>
    </resultMap>
    <sql id="Blob_Column_List">
        ID,
        CUST_CERT_NO,
        ICCID,
        MSISDN,
        BE_ID,
        CUST_PHONE_NO,
        BILL_ID,
        REAL_NAME_TRANS_ID,
        CHANNEL_ID,
        OPER_CODE,
        KEEP_PARAM,
        OPER_TEL,
        SOURCE_TYPE,
        CUST_ID,
        CUST_PHOTO_IDENTITY,
        CUST_PHOTO_SCENE,
        CHANGE_INFO_TRANS_ID,
        AUTH_CHANNEL,
        CREATE_TIME,
        MODIFY_TIME,
        RECORD_STATUS,
        CUST_PHOTO_FRONT,
        CUST_PHOTO_BACK,
        USED,
        INDEX_DATE
      </sql>
    <!--已废弃-->
    <select id="selectLastByCertNo" parameterType="java.lang.String" resultMap="BaseResultMap">
        select * from (select
        <include refid="Blob_Column_List"/>from BD_CT_PERSONAL_IDENTITY_DETAIL
        where USED = 1
        and CUST_CERT_NO = #{custCertNo,jdbcType=VARCHAR}
        order by INDEX_DATE desc
        ) where rownum = 1
    </select>
    <!--已废弃-->
    <insert id="insert" parameterType="com.cmiot.mybatis.vo.CtPersonalIdentityDetailVo">
        insert into BD_CT_PERSONAL_IDENTITY_DETAIL
        <trim prefix="(" suffix=")" suffixOverrides=",">
            id,
            <if test="custCertNo != null and custCertNo != '' and custCertNo != 'null'">
                CUST_CERT_NO,
            </if>
            <if test="iccid != null and iccid != '' and iccid != 'null'">
                ICCID,
            </if>
            <if test="msisdn != null and msisdn != '' and msisdn != 'null'">
                MSISDN,
            </if>
            <if test="beId != null and beId != '' and beId != 'null'">
                BE_ID,
            </if>
            <if test="custPhoneNo != null and custPhoneNo != '' and custPhoneNo != 'null'">
                CUST_PHONE_NO,
            </if>
            <if test="billId != null and billId != '' and billId != 'null'">
                BILL_ID,
            </if>
            <if test="realNameTransId != null and realNameTransId != '' and realNameTransId != 'null'">
                REAL_NAME_TRANS_ID,
            </if>
            <if test="channelId != null and channelId != '' and channelId != 'null'">
                CHANNEL_ID,
            </if>
            <if test="operCode != null and operCode != '' and operCode != 'null'">
                OPER_CODE,
            </if>
            <if test="keepParam != null and keepParam != '' and keepParam != 'null'">
                KEEP_PARAM,
            </if>
            <if test="operTel != null and operTel != '' and operTel != 'null'">
                OPER_TEL,
            </if>
            <if test="sourceType != null and sourceType != '' and sourceType != 'null'">
                SOURCE_TYPE,
            </if>
            <if test="custId != null and custId != '' and custId != 'null'">
                CUST_ID,
            </if>
            <if test="changeInfoTransId != null and changeInfoTransId != '' and changeInfoTransId != 'null'">
                CHANGE_INFO_TRANS_ID,
            </if>
            <if test="authChannel != null and authChannel != '' and authChannel != 'null'">
                AUTH_CHANNEL,
            </if>
            <if test="createTime != null">
                CREATE_TIME,
            </if>
            <if test="modifyTime != null">
                MODIFY_TIME,
            </if>
            <if test="recordStatus != null and recordStatus != '' and recordStatus != 'null'">
                RECORD_STATUS,
            </if>
            <if test="custPhotoIdentity != null">
                CUST_PHOTO_IDENTITY,
            </if>
            <if test="custPhotoScene != null">
                CUST_PHOTO_SCENE,
            </if>
            <if test="custPhotoFront != null">
                CUST_PHOTO_FRONT,
            </if>
            <if test="custPhotoBack != null">
                CUST_PHOTO_BACK,
            </if>
            INDEX_DATE,
        </trim>
        <trim prefix="values (" suffix=")" suffixOverrides=",">
            #{id,jdbcType=VARCHAR},
            <if test="custCertNo != null and custCertNo != '' and custCertNo != 'null'">
                #{custCertNo,jdbcType=VARCHAR},
            </if>
            <if test="iccid != null and iccid != '' and iccid != 'null'">
                #{iccid,jdbcType=VARCHAR},
            </if>
            <if test="msisdn != null and msisdn != '' and msisdn != 'null'">
                #{msisdn,jdbcType=VARCHAR},
            </if>
            <if test="beId != null and beId != '' and beId != 'null'">
                #{beId,jdbcType=VARCHAR},
            </if>
            <if test="custPhoneNo != null and custPhoneNo != '' and custPhoneNo != 'null'">
                #{custPhoneNo,jdbcType=VARCHAR},
            </if>
            <if test="billId != null and billId != '' and billId != 'null'">
                #{billId,jdbcType=VARCHAR},
            </if>
            <if test="realNameTransId != null and realNameTransId != '' and realNameTransId != 'null'">
                #{realNameTransId,jdbcType=VARCHAR},
            </if>
            <if test="channelId != null and channelId != '' and channelId != 'null'">
                #{channelId,jdbcType=VARCHAR},
            </if>
            <if test="operCode != null and operCode != '' and operCode != 'null'">
                #{operCode,jdbcType=VARCHAR},
            </if>
            <if test="keepParam != null and keepParam != '' and keepParam != 'null'">
                #{keepParam,jdbcType=VARCHAR},
            </if>
            <if test="operTel != null and operTel != '' and operTel != 'null'">
                #{operTel,jdbcType=VARCHAR},
            </if>
            <if test="sourceType != null and sourceType != '' and sourceType != 'null'">
                #{sourceType,jdbcType=VARCHAR},
            </if>
            <if test="custId != null and custId != '' and custId != 'null'">
                #{custId,jdbcType=VARCHAR},
            </if>
            <if test="changeInfoTransId != null and changeInfoTransId != '' and changeInfoTransId != 'null'">
                #{changeInfoTransId,jdbcType=VARCHAR},
            </if>
            <if test="authChannel != null and authChannel != '' and authChannel != 'null'">
                #{authChannel,jdbcType=VARCHAR},
            </if>
            <if test="createTime != null">
                #{createTime,jdbcType=TIMESTAMP},
            </if>
            <if test="modifyTime != null">
                #{modifyTime,jdbcType=TIMESTAMP},
            </if>
            <if test="recordStatus != null and recordStatus != '' and recordStatus != 'null'">
                #{recordStatus,jdbcType=VARCHAR},
            </if>
            <if test="custPhotoIdentity != null">
                #{custPhotoIdentity,jdbcType=BLOB},
            </if>
            <if test="custPhotoScene != null">
                #{custPhotoScene,jdbcType=BLOB},
            </if>
            <if test="custPhotoFront != null">
                #{custPhotoFront,jdbcType=BLOB},
            </if>
            <if test="custPhotoBack != null">
                #{custPhotoBack,jdbcType=BLOB},
            </if>
            SYSDATE,
        </trim>
    </insert>
    <!--已废弃-->
    <update id="disable" parameterType="java.lang.String">
        update BD_CT_PERSONAL_IDENTITY_DETAIL
        set USED = 0
        where id = #{id,jdbcType=VARCHAR}
    </update>
</mapper>