<?xml version="1.0" encoding="UTF-8"?>
<!DOCTYPE mapper PUBLIC "-//mybatis.org//DTD Mapper 3.0//EN" "http://mybatis.org/dtd/mybatis-3-mapper.dtd">
<mapper namespace="com.cmiot.mybatis.dao.CtSysOperPersonalIdentityDao">
    <resultMap id="BaseResultMap" type="com.cmiot.mybatis.vo.CtSysOperPersonalIdentityVo">
        <id column="ID" jdbcType="VARCHAR" property="id"/>
        <result column="OPER_ID" jdbcType="VARCHAR" property="operId"/>
        <result column="CUST_CERT_NO" jdbcType="VARCHAR" property="custCertNo"/>
        <result column="CUST_NAME" jdbcType="VARCHAR" property="custName"/>
        <result column="CUST_CERT_ADDR" jdbcType="VARCHAR" property="custCertAddr"/>
        <result column="GENDER" jdbcType="VARCHAR" property="gender"/>
        <result column="NATION" jdbcType="VARCHAR" property="nation"/>
        <result column="ID_TYPE" jdbcType="VARCHAR" property="idType"/>
        <result column="ISSUING_AUTHORITY" jdbcType="VARCHAR" property="issuingAuthority"/>
        <result column="BIRTHDAY" jdbcType="TIMESTAMP" property="birthday"/>
        <result column="CERT_VALID_DATE" jdbcType="TIMESTAMP" property="certValidDate"/>
        <result column="CERT_EXP_DATE" jdbcType="TIMESTAMP" property="certExpDate"/>
        <result column="CREATE_TIME" jdbcType="TIMESTAMP" property="createTime"/>
        <result column="MODIFY_TIME" jdbcType="TIMESTAMP" property="modifyTime"/>
        <result column="PROVINCES_REGIONS" jdbcType="VARCHAR" property="provincesRegions"/>
        <result column="RECORD_STATUS" jdbcType="VARCHAR" property="recordStatus"/>
        <result column="ISSUE_PLACE" jdbcType="VARCHAR" property="issuePlace"/>
        <result column="ISSUE_COUNT" jdbcType="VARCHAR" property="issueCount"/>
        <result column="NATIONALITY" jdbcType="VARCHAR" property="nationality"/>
        <result column="ENGLISH_NAME" jdbcType="VARCHAR" property="englishName"/>
        <result column="USED" jdbcType="NUMERIC" property="used"/>
        <result column="INDEX_DATE" jdbcType="TIMESTAMP" property="indexDate"/>
    </resultMap>
    <!--已废弃-->
    <select id="selectLastByCertNo" parameterType="java.lang.String" resultMap="BaseResultMap">
    select * from
    (select * from BD_CT_SYS_OPER_ROLE
      where used = 1
      and CUST_CERT_NO = #{custCertNo,jdbcType=VARCHAR}
      order by INDEX_DATE desc)
      where rownum = 1
  </select>
    <!--已废弃-->
    <insert id="insert" parameterType="com.cmiot.mybatis.vo.CtSysOperPersonalIdentityVo">
        insert into BD_CT_SYS_OPER_ROLE
        <trim prefix="(" suffix=")" suffixOverrides=",">
            id,
            <if test="operId != null and operId != '' and operId != 'null'">
                OPER_ID,
            </if>
            <if test="custCertNo != null and custCertNo != '' and custCertNo != 'null'">
                CUST_CERT_NO,
            </if>
            <if test="custName != null and custName != '' and custName != 'null'">
                CUST_NAME,
            </if>
            <if test="custCertAddr != null and custCertAddr != '' and custCertAddr != 'null'">
                CUST_CERT_ADDR,
            </if>
            <if test="gender != null and gender != '' and gender != 'null'">
                GENDER,
            </if>
            <if test="nation != null and nation != '' and nation != 'null'">
                NATION,
            </if>
            <if test="idType != null and idType != '' and idType != 'null'">
                ID_TYPE,
            </if>
            <if test="issuingAuthority != null and issuingAuthority != '' and issuingAuthority != 'null'">
                ISSUING_AUTHORITY,
            </if>
            <if test="birthday != null">
                BIRTHDAY,
            </if>
            <if test="certValidDate != null">
                CERT_VALID_DATE,
            </if>
            <if test="certExpDate != null">
                CERT_EXP_DATE,
            </if>
            <if test="createTime != null">
                CREATE_TIME,
            </if>
            <if test="modifyTime != null">
                MODIFY_TIME,
            </if>
            <if test="provincesRegions != null and provincesRegions != '' and provincesRegions != 'null'">
                PROVINCES_REGIONS,
            </if>
            <if test="recordStatus != null and recordStatus != '' and recordStatus != 'null'">
                RECORD_STATUS,
            </if>
            <if test="issuePlace != null and issuePlace != '' and issuePlace != 'null'">
                ISSUE_PLACE,
            </if>
            <if test="issueCount != null and issueCount != '' and issueCount != 'null'">
                ISSUE_COUNT,
            </if>
            <if test="nationality != null and nationality != '' and nationality != 'null'">
                NATIONALITY,
            </if>
            <if test="englishName != null and englishName != '' and englishName != 'null'">
                ENGLISH_NAME,
            </if>
            INDEX_DATE,
        </trim>
        <trim prefix="values (" suffix=")" suffixOverrides=",">
            #{id,jdbcType=VARCHAR},
            <if test="operId != null and operId != '' and operId != 'null'">
                #{operId,jdbcType=VARCHAR},
            </if>
            <if test="custCertNo != null and custCertNo != '' and custCertNo != 'null'">
                #{custCertNo,jdbcType=VARCHAR},
            </if>
            <if test="custName != null and custName != '' and custName != 'null'">
                #{custName,jdbcType=VARCHAR},
            </if>
            <if test="custCertAddr != null and custCertAddr != '' and custCertAddr != 'null'">
                #{custCertAddr,jdbcType=VARCHAR},
            </if>
            <if test="gender != null and gender != '' and gender != 'null'">
                #{gender,jdbcType=VARCHAR},
            </if>
            <if test="nation != null and nation != '' and nation != 'null'">
                #{nation,jdbcType=VARCHAR},
            </if>
            <if test="idType != null and idType != '' and idType != 'null'">
                #{idType,jdbcType=VARCHAR},
            </if>
            <if test="issuingAuthority != null and issuingAuthority != '' and issuingAuthority != 'null'">
                #{issuingAuthority,jdbcType=VARCHAR},
            </if>
            <if test="birthday != null ">
                #{birthday,jdbcType=TIMESTAMP},
            </if>
            <if test="certValidDate != null">
                #{certValidDate,jdbcType=TIMESTAMP},
            </if>
            <if test="certExpDate != null">
                #{certExpDate,jdbcType=TIMESTAMP},
            </if>
            <if test="createTime != null">
                #{createTime,jdbcType=TIMESTAMP},
            </if>
            <if test="modifyTime != null">
                #{modifyTime,jdbcType=TIMESTAMP},
            </if>
            <if test="provincesRegions != null and provincesRegions != '' and provincesRegions != 'null'">
                #{provincesRegions,jdbcType=VARCHAR},
            </if>
            <if test="recordStatus != null and recordStatus != '' and recordStatus != 'null'">
                #{recordStatus,jdbcType=VARCHAR},
            </if>
            <if test="issuePlace != null and issuePlace != '' and issuePlace != 'null'">
                #{issuePlace,jdbcType=VARCHAR},
            </if>
            <if test="issueCount != null and issueCount != '' and issueCount != 'null'">
                #{issueCount,jdbcType=VARCHAR},
            </if>
            <if test="nationality != null and nationality != '' and nationality != 'null'">
                #{nationality,jdbcType=VARCHAR},
            </if>
            <if test="englishName != null and englishName != '' and englishName != 'null'">
                #{englishName,jdbcType=VARCHAR},
            </if>
            SYSDATE,
        </trim>
    </insert>
    <!--已废弃-->
    <update id="disable" parameterType="java.lang.String">
        update BD_CT_SYS_OPER_ROLE
        set USED = 0
        where id = #{id,jdbcType=VARCHAR}
    </update>
</mapper>