<?xml version="1.0" encoding="UTF-8" ?>
<!DOCTYPE mapper
        PUBLIC "-//mybatis.org//DTD Mapper 3.0//EN"
        "http://mybatis.org/dtd/mybatis-3-mapper.dtd">

<mapper namespace="com.cmiot.mybatis.dao.PbRegisterDao">

    <insert id="registerInfoInsert" parameterType="com.cmiot.mybatis.vo.PbRegisterVo">
        insert into CM_PS_PB_REGISTER (beid,iccid,msisdn,idcard,ordernum,phone,userid,status,transid,FLOWSTART_TIME
        <if test="regionId !=null and regionId != '' ">
            ,regionid
        </if>
        <if test="custId !=null and custId != '' ">
            ,custid
        </if>
        <if test="regionName !=null and regionName != '' ">
            ,regionName
        </if>
        <if test="custName !=null and custName != '' ">
            ,custName
        </if>
        <if test="msgId !=null">
            ,MSGID
        </if>
        <if test="channelId !=null and channelId != '' ">
            ,CHANNELID
        </if>
        <if test="orderNo !=null and orderNo != '' ">
            ,orderNo
        </if>
        ) values
        (#{beid},#{iccid},#{msisdn},F_ENCRYPT_ONELINK(#{idCard}),#{orderNum},F_ENCRYPT_ONELINK(#{phone}),#{userId},'2',#{transId},sysdate
        <if test="regionId !=null and regionId != '' ">
            ,#{regionId}
        </if>
        <if test="custId !=null and custId != '' ">
            ,#{custId}
        </if>
        <if test="regionName !=null and regionName != '' ">
            ,#{regionName}
        </if>
        <if test="custName !=null and custName != '' ">
            ,#{custName}
        </if>
        <if test="msgId !=null">
            ,#{msgId}
        </if>
        <if test="channelId !=null and channelId != '' ">
            ,#{channelId}
        </if>
        <if test="orderNo !=null and orderNo != '' ">
            ,#{orderNo}
        </if>
        )
    </insert>

    <select id="queryInfo" parameterType="String" resultType="com.cmiot.mybatis.vo.PbRegisterVo">
        select beid,iccid,msisdn,F_DECRYPT_ONELINK(idcard) AS idcard,ordernum,F_DECRYPT_ONELINK(phone) AS phone,userid,MSGID AS msgId,channelId from CM_PS_PB_REGISTER where ordernum=#{orderNum}
    </select>

    <update id="updateInfoByOnline" parameterType="com.cmiot.mybatis.vo.PbRegisterVo">
        update CM_PS_PB_REGISTER set NAME=F_ENCRYPT_ONELINK(#{name}),ADDRESS=F_ENCRYPT_ONELINK(#{address}),NATION=F_ENCRYPT_ONELINK(#{nation}),
        SEX=F_ENCRYPT_ONELINK(#{sex}),BIRTHDAY=to_date(#{birthday},'yyyy-mm-dd hh24:mi:ss'),STARTDATE=to_date(#{startDate},'yyyy-mm-dd hh24:mi:ss'),
        ENDDATE=to_date(#{endDate},'yyyy-mm-dd hh24:mi:ss'),INFO=F_ENCRYPT_ONELINK(#{info}),STATUS='0' where ordernum=#{orderNum}
    </update>

    <update id="updateResult" parameterType="com.cmiot.mybatis.vo.PbRegisterVo">
        update CM_PS_PB_REGISTER set REGISTER_TIME=sysdate
        <if test="registerCode !=null and registerCode != '' ">
            ,REGISTER_CODE=#{registerCode}
        </if>
        <if test="status !=null and status != '' ">
            ,status=#{status}
        </if>
        <if test="subOrderId !=null and subOrderId != '' ">
            ,SUBORDERID=#{subOrderId}
        </if>
        <if test="loginAccept !=null and loginAccept != '' ">
            ,loginAccept=#{loginAccept}
        </if>
        where ordernum=#{orderNum}
    </update>

    <update id="updateUrl" parameterType="map">
        update CM_PS_PB_REGISTER set
        <if test=' type == "z" '>
            PICZ=#{url}
        </if>
        <if test=' type == "f" '>
            PICF=#{url}
        </if>
        <if test=' type == "v1" '>
            PICV1=#{url}
        </if>
        <if test=' type == "v2" '>
            PICV2=#{url}
        </if>
        where ORDERNUM=#{orderNum} and STATUS='0'
    </update>

    <!--安徽要求人像只要一张，取_V1-->
    <select id="querySyncInfo" resultType="com.cmiot.mybatis.vo.PbRegisterVo">
        select ORDERNUM,F_DECRYPT_ONELINK(IDCARD) AS IDCARD,F_DECRYPT_ONELINK(NAME) AS NAME,F_DECRYPT_ONELINK(ADDRESS) AS ADDRESS,
        F_DECRYPT_ONELINK(NATION) AS NATION,F_DECRYPT_ONELINK(SEX) AS SEX,to_char(BIRTHDAY,'yyyy-mm-dd') as birthday,
        to_char(STARTDATE,'yyyy-mm-dd') as STARTDATE,to_char(ENDDATE,'yyyy-mm-dd') as ENDDATE,
        F_DECRYPT_ONELINK(INFO) AS INFO,MSISDN,PICZ,PICF,PICV1,PICV2,F_DECRYPT_ONELINK(phone) AS phone,CHANNELID AS channelId
        ,beid,SUBORDERID,LOGINACCEPT,transId
        from CM_PS_PB_REGISTER where PICZ is not null and PICF is not null and PICV1 is not null and status='0'
    </select>

    <select id="queryOrderNum" parameterType="map" resultType="com.cmiot.mybatis.vo.PbRegisterVo">
        select ordernum,userid from CM_PS_PB_REGISTER where ordernum=#{busiSeq}
    </select>

    <select id="getMsisdnByOrderNum" parameterType="String" resultType="String">
        select msisdn from CM_PS_PB_REGISTER where ORDERNUM=#{orderNum}
    </select>

    <select id="queryWaitInfoPb" parameterType="String" resultType="int">
        select count(1) from CM_PS_PB_REGISTER where msisdn=#{msisdn} and REGISTER_CODE is null
        and sysdate<![CDATA[ <= ]]>FLOWSTART_TIME+1/96
    </select>

    <select id="querySameOrderNum" parameterType="String" resultType="int">
        select count(1) from CM_PS_PB_REGISTER where ordernum=#{orderNum} and  status in ('1','3')
    </select>

    <select id="queryCountTest" resultType="int">
        select count(1) from CM_PS_PB_REGISTER
    </select>

    <select id="datasourcetest" resultType="int">
        select count(1) from CM_SUBS_SUBSCRIBER where provinceid='200'
    </select>

    <insert id="insertShPbRegister" parameterType="map">
        insert into CM_PS_PB_REGISTER (orderNum,msisdn,iccid,beid,FLOWSTART_TIME
        <if test="idCard !=null and idCard != '' ">
            ,idcard
        </if>
        )
        values (#{orderNum},#{msisdn},#{iccid},#{beId},sysdate
        <if test="idCard !=null and idCard != '' ">
            ,#{idCard}
        </if>
        )
    </insert>

    <select id="queryOrderNoByBusiseq" parameterType="String" resultType="String">
        select orderNo from CM_PS_PB_REGISTER where orderNum=#{orderNum}
    </select>
</mapper>