<?xml version="1.0" encoding="UTF-8" ?>
<!DOCTYPE mapper
        PUBLIC "-//mybatis.org//DTD Mapper 3.0//EN"
        "http://mybatis.org/dtd/mybatis-3-mapper.dtd">
<mapper namespace="com.cmiot.mybatis.dao.QueryRegisterDao">
    <select id="queryPbCount" resultType="long" parameterType="map">
        select
        count(1)
        from (
        select
        t.msisdn,
        t.REGISTER_TIME,
        row_number() OVER (PARTITION BY msisdn ORDER BY t.REGISTER_TIME desc) as row_flg
        from CM_PS_PB_REGISTER t where
        t.REGISTER_CODE in ('0','0000','00000')
        <if test="provinceId != null and provinceId !='' ">
            AND t.BEID = #{provinceId}
        </if>
        <if test="custId != null and custId !='' ">
            AND t.CUSTID = #{custId}
        </if>
        <if test="msisdn != null and msisdn !='' ">
            AND t.msisdn = #{msisdn}
        </if>
        <if test="iccid != null and iccid !='' ">
            AND t.iccid = #{iccid}
        </if>
        ) temp
        where temp.row_flg  = '1'
    </select>

    <select id="queryCtCount" resultType="long" parameterType="map">
        select
        count(1)
        from (
        select
        t.msisdn,
        t.REGISTER_TIME,
        row_number() OVER (PARTITION BY msisdn ORDER BY t.REGISTER_TIME desc) as row_flg
        from CM_PS_REGISTER t where
        t.REGISTER_CODE in ('0','0000','00000')
        <if test="provinceId != null and provinceId !='' ">
            AND t.BEID = #{provinceId}
        </if>
        <if test="custId != null and custId !='' ">
            AND t.CUSTID = #{custId}
        </if>
        <if test="msisdn != null and msisdn !='' ">
            AND t.msisdn = #{msisdn}
        </if>
        <if test="iccid != null and iccid !='' ">
            AND t.iccid = #{iccid}
        </if>
        ) temp
        where temp.row_flg  = '1'
    </select>

    <select id="queryByPb" resultType="com.cmiot.commons.entity.register.CmPsRegisterVO" parameterType="map">
        SELECT NAME,
        CUSTCERTNO,
        MSISDN,
        ICCID,
        REGISTERTIME,
        REGISTERCODE,
        REGIONNAME,
        CUSTNAME,
        provinceId
        FROM (SELECT T1.*, ROWNUM NU
        FROM (
        select
        temp.name as NAME,
        temp.CUSTCERTNO as CUSTCERTNO,
        temp.MSISDN as MSISDN,
        temp.ICCID as ICCID,
        temp.REGISTERTIME as REGISTERTIME,
        temp.REGISTERCODE as REGISTERCODE,
        temp.REGIONNAME as REGIONNAME,
        temp.CUSTNAME as CUSTNAME,
        temp.BEID as provinceId
        from (
        select
        F_DECRYPT_ONELINK(t.NAME) AS NAME,
        F_DECRYPT_ONELINK(t.IDCARD) AS CUSTCERTNO,
        t.MSISDN,
        t.ICCID,
        TO_CHAR(t.REGISTER_TIME, 'yyyy-mm-dd hh24:mi:ss') AS REGISTERTIME,
        t.REGISTER_CODE AS REGISTERCODE,
        t.BEID,
        t.REGIONNAME,
        t.CUSTNAME,
        row_number() OVER (PARTITION BY msisdn ORDER BY t.REGISTER_TIME desc) as row_flg
        from CM_PS_PB_REGISTER t where
        t.REGISTER_CODE in ('0','0000','00000')
        <if test="provinceId != null and provinceId !='' ">
            AND t.BEID = #{provinceId}
        </if>
        <if test="custId != null and custId !='' ">
            AND t.CUSTID = #{custId}
        </if>
        <if test="msisdn != null and msisdn !='' ">
            AND t.msisdn = #{msisdn}
        </if>
        <if test="iccid != null and iccid !='' ">
            AND t.iccid = #{iccid}
        </if>
        ) temp
        where temp.row_flg  = '1'
        ) T1
        WHERE <![CDATA[ROWNUM <= ]]> #{end}
        )
        WHERE <![CDATA[NU >= ]]> #{start}
    </select>

    <select id="queryByCt" resultType="com.cmiot.commons.entity.register.CmPsRegisterVO" parameterType="map">
        SELECT NAME,
        CUSTCERTNO,
        MSISDN,
        ICCID,
        REGISTERTIME,
        REGISTERCODE,
        REGIONNAME,
        CUSTNAME,
        provinceId
        FROM (SELECT T1.*, ROWNUM NU
        FROM (
        select
        temp.name as NAME,
        temp.CUSTCERTNO as CUSTCERTNO,
        temp.MSISDN as MSISDN,
        temp.ICCID as ICCID,
        temp.REGISTERTIME as REGISTERTIME,
        temp.REGISTERCODE as REGISTERCODE,
        temp.REGIONNAME as REGIONNAME,
        temp.CUSTNAME as CUSTNAME,
        temp.BEID as provinceId
        from (
        select
        F_DECRYPT_ONELINK(t.NAME) AS NAME,
        F_DECRYPT_ONELINK(t.CUST_CERT_NO) AS CUSTCERTNO,
        t.MSISDN,
        t.ICCID,
        TO_CHAR(t.REGISTER_TIME, 'yyyy-mm-dd hh24:mi:ss') AS REGISTERTIME,
        t.REGISTER_CODE AS REGISTERCODE,
        t.BEID,
        t.REGIONNAME,
        t.CUSTNAME,
        row_number() OVER (PARTITION BY msisdn ORDER BY t.REGISTER_TIME desc) as row_flg
        from CM_PS_REGISTER t where
        t.REGISTER_CODE in ('0','0000','00000')
        <if test="provinceId != null and provinceId !='' ">
            AND t.BEID = #{provinceId}
        </if>
        <if test="custId != null and custId !='' ">
            AND t.CUSTID = #{custId}
        </if>
        <if test="msisdn != null and msisdn !='' ">
            AND t.msisdn = #{msisdn}
        </if>
        <if test="iccid != null and iccid !='' ">
            AND t.iccid = #{iccid}
        </if>
        ) temp
        where temp.row_flg  = '1'
        ) T1
        WHERE <![CDATA[ROWNUM <= ]]> #{end}
        )
        WHERE <![CDATA[NU >= ]]> #{start}
    </select>

    <select id="listNoPageByPb" resultType="com.cmiot.commons.entity.register.CmPsRegisterVO" parameterType="map">
        SELECT F_DECRYPT_ONELINK(T.NAME) AS NAME,
        F_DECRYPT_ONELINK(T.IDCARD) AS CUSTCERTNO,
        T.MSISDN,
        T.ICCID,
        F_DECRYPT_ONELINK(T.PHONE) AS PHONE,
        TO_CHAR(T.REGISTER_TIME, 'yyyy-mm-dd hh24:mi:ss') AS REGISTERTIME,
        T.REGISTER_CODE AS REGISTERCODE,
        T.BEID AS PROVINCEID,
        T.CUSTID,
        T.REGIONID
        FROM CM_PS_PB_REGISTER T
        WHERE T.REGISTER_CODE = '00000'
        <if test="provinceId != null and provinceId !='' ">
            AND T.BEID = #{provinceId}
        </if>
        <if test="custId != null and custId !='' ">
            AND T.CUSTID = #{custId}
        </if>
    </select>

    <select id="listNoPageByCt" resultType="com.cmiot.commons.entity.register.CmPsRegisterVO" parameterType="map">
        SELECT F_DECRYPT_ONELINK(T.NAME) AS NAME,
        F_DECRYPT_ONELINK(T.CUST_CERT_NO) AS CUSTCERTNO,
        T.MSISDN,
        T.ICCID,
        F_DECRYPT_ONELINK(T.PHONE) PHONE,
        TO_CHAR(T.REGISTER_TIME, 'yyyy-mm-dd hh24:mi:ss') AS REGISTERTIME,
        T.REGISTER_CODE AS REGISTERCODE,
        T.BEID AS PROVINCEID,
        T.CUSTID
        FROM CM_PS_REGISTER T
        WHERE T.REGISTER_CODE = '00000'
        <if test="provinceId != null and provinceId !='' ">
            AND T.BEID = #{provinceId}
        </if>
        <if test="custId != null and custId !='' ">
            AND T.CUSTID = #{custId}
        </if>
    </select>
</mapper>