<?xml version="1.0" encoding="UTF-8" ?>
<!DOCTYPE mapper
        PUBLIC "-//mybatis.org//DTD Mapper 3.0//EN"
        "http://mybatis.org/dtd/mybatis-3-mapper.dtd">
<mapper namespace="com.cmiot.mybatis.dao.QueryProvinceCityDao">

    <!--根据省份名称查询省份编码-->
    <select id="getCodeByProvinceName" resultType="string" parameterType="map">
        SELECT PROVINCECODE FROM SA_DB_PROVINCE_CITY WHERE ROWNUM = 1
        <if test="provinceName != null and provinceName != ''">
            AND PROVINCENAME = #{provinceName, jdbcType=VARCHAR}
        </if>
    </select>

    <!--根据城市名称查询城市编码-->
    <select id="getCodeByCityName" resultType="string" parameterType="map">
        SELECT CITYCODE FROM SA_DB_PROVINCE_CITY
        <if test="cityName != null and cityName != ''">
            WHERE CITYNAME LIKE '${cityName}%'
        </if>
    </select>
</mapper>