<?xml version="1.0" encoding="UTF-8" ?>
        <!DOCTYPE mapper
                PUBLIC "-//mybatis.org//DTD Mapper 3.0//EN"
                "http://mybatis.org/dtd/mybatis-3-mapper.dtd">
<mapper namespace="com.cmiot.mybatis.dao.RealNameAuthKeyDao">

    <!--插入成功的deskey-->
    <insert id="saveSuccessDesKey" parameterType="com.cmiot.mybatis.vo.MsgOlAuthKey">
        INSERT INTO
          MSG_OL_AUTHKEY(
          ID,
          BUSICODE,
          INSERT_TIME,
          TRANSACTIONID,
          KEY,
          CERT_EXP_DATE,
          IS_VALID,
          RETURN_CODE,
          RETURN_MESSAGE
          )
        VALUES(
         #{id,jdbcType=VARCHAR},
         #{busiCode,jdbcType=VARCHAR},
         #{insertTime,jdbcType=TIMESTAMP},
         #{transactionID,jdbcType=VARCHAR},
         #{key,jdbcType=VARCHAR},
         #{certExpDate,jdbcType=TIMESTAMP},
         #{valid,jdbcType=VARCHAR},
         #{returnCode,jdbcType=VARCHAR},
         #{returnMessage,jdbcType=VARCHAR}
         )
    </insert>

    <!--插入失败的deskey-->
    <insert id="saveFailedDesKey" parameterType="com.cmiot.mybatis.vo.MsgOlAuthKey">
        INSERT INTO
          MSG_OL_AUTHKEY(
          BUSICODE,
          INSERT_TIME,
          TRANSACTIONID,
          KEY,
          CERT_EXP_DATE,
          RETURN_CODE,
          RETURN_MESSAGE
          )
        VALUES(
         #{busiCode,jdbcType=VARCHAR},
         #{insertTime,jdbcType=TIMESTAMP},
         #{transactionID,jdbcType=VARCHAR},
         #{key,jdbcType=VARCHAR},
         #{certExpDate,jdbcType=TIMESTAMP},
         #{returnCode,jdbcType=VARCHAR},
         #{returnMessage,jdbcType=VARCHAR}
         )
    </insert>

    <!--依据keyType查询有效的key-->
    <select id="queryValidKeyInfo" resultType="Map" parameterType="String">
        SELECT ID as "id",KEY as "key" FROM  (
            SELECT ROWNUM,
            ID ,
            KEY
            FROM
                MSG_OL_AUTHKEY T
            WHERE
                T.BUSICODE = #{busiCode,jdbcType=VARCHAR}
                AND T.IS_VALID = '01'
            ORDER BY
                INSERT_TIME DESC
        )
        WHERE ROWNUM = 1
    </select>

    <!--依据keyId查询key-->
    <select id="queryKeyById" resultType="String" parameterType="String">
        SELECT KEY as key FROM  MSG_OL_AUTHKEY t WHERE t.ID = #{id,jdbcType=VARCHAR}
    </select>

    <!--将除此UUID外的同类key置为无效-->
    <update id="updateKeyStatus" parameterType="com.cmiot.mybatis.vo.MsgOlAuthKey">
       UPDATE
          MSG_OL_AUTHKEY t
       SET
          t.IS_VALID = '00'
       WHERE
          t.BUSICODE = #{busiCode,jdbcType=VARCHAR} AND t.IS_VALID = '01' AND <![CDATA[ t.ID <> ]]>  #{id,jdbcType=VARCHAR}
    </update>

    <!--插入失败的signaturekey-->
    <insert id="saveFailSignaturekeyKey" parameterType="com.cmiot.mybatis.vo.MsgOlAuthKey">
        INSERT INTO
          MSG_OL_AUTHKEY(
          BUSICODE,
          INSERT_TIME,
          RETURN_CODE,
          RETURN_MESSAGE
          )
        VALUES(
         #{busiCode,jdbcType=VARCHAR},
         #{insertTime,jdbcType=TIMESTAMP},
         #{returnCode,jdbcType=VARCHAR},
         #{returnMessage,jdbcType=VARCHAR}
         )
    </insert>

    <!--插入成功的signaturekey-->
    <insert id="saveSuccessSignatureKey" parameterType="com.cmiot.mybatis.vo.MsgOlAuthKey">
        INSERT INTO
          MSG_OL_AUTHKEY(
          ID,
          BUSICODE,
          INSERT_TIME,
          KEY,
          IS_VALID,
          RETURN_CODE,
          RETURN_MESSAGE)
        VALUES(
         #{id,jdbcType=VARCHAR},
         #{busiCode,jdbcType=VARCHAR},
         #{insertTime,jdbcType=TIMESTAMP},
         #{key,jdbcType=VARCHAR},
         #{valid,jdbcType=VARCHAR},
         #{returnCode,jdbcType=VARCHAR},
         #{returnMessage,jdbcType=VARCHAR}
         )
    </insert>

</mapper>