<?xml version="1.0" encoding="UTF-8" ?>
<!DOCTYPE mapper
        PUBLIC "-//mybatis.org//DTD Mapper 3.0//EN"
        "http://mybatis.org/dtd/mybatis-3-mapper.dtd">
<mapper namespace="com.cmiot.mybatis.dao.RealNameRegisterDao">

    <update id="saveRealNameRegisterInfo" parameterType="Map">
        MERGE INTO CM_PS_REGISTER A
        USING (SELECT COUNT(1) AS CNT FROM CM_PS_REGISTER WHERE MSISDN = #{msisdn,jdbcType=VARCHAR} AND REGISTER_CODE = '00000')
        ON (CNT > 0)
        WHEN MATCHED THEN
            UPDATE SET
                A.NAME = F_ENCRYPT_ONELINK(#{name,jdbcType=VARCHAR}),
                A.CUST_CERT_NO = F_ENCRYPT_ONELINK(#{custCertNo,jdbcType=VARCHAR}),
                A.ACTIVATION_OPTS = #{activeOpts,jdbcType=VARCHAR},
                A.REGISTER_TIME = SYSDATE,
                A.PHONE = F_ENCRYPT_ONELINK(#{phone,jdbcType=VARCHAR}),
                A.REGISTER_PIC_R = #{registerPicIdR,jdbcType=VARCHAR},
                A.REGISTER_PIC_Z = #{registerPicIdZ,jdbcType=VARCHAR},
                A.REGISTER_PIC_F = #{registerPicIdF,jdbcType=VARCHAR},
                A.REGISTER_CODE = #{registerCode,jdbcType=VARCHAR},
                A.USERID = #{userId,jdbcType=VARCHAR}
            WHERE A.MSISDN =  #{msisdn,jdbcType=VARCHAR}
        WHEN NOT MATCHED THEN
            INSERT(
              NAME,
              CUST_CERT_NO,
              MSISDN,
              ICCID,
              ACTIVATION_OPTS,
              REGISTER_TIME,
              PHONE,
              REGISTER_PIC_R,
              REGISTER_PIC_Z,
              REGISTER_PIC_F,
              REGISTER_PIC_T,
              PLAT,
              CARD_BELONG,
              BEID,
              CUSTID,
              REGISTER_CODE,
              USERID)
        VALUES(
             F_ENCRYPT_ONELINK(#{name,jdbcType=VARCHAR}),
             F_ENCRYPT_ONELINK(#{custCertNo,jdbcType=VARCHAR}),
             #{msisdn,jdbcType=VARCHAR},
             #{iccid,jdbcType=VARCHAR},
             #{activeOpts,jdbcType=VARCHAR},
             SYSDATE,
             F_ENCRYPT_ONELINK(#{phone,jdbcType=VARCHAR}),
             #{registerPicIdR,jdbcType=VARCHAR},
             #{registerPicIdZ,jdbcType=VARCHAR},
             #{registerPicIdF,jdbcType=VARCHAR},
             #{registerPicIdT,jdbcType=VARCHAR},
             #{plat,jdbcType=VARCHAR},
             #{cardBelong,jdbcType=VARCHAR},
             #{beId,jdbcType=VARCHAR},
             #{custId,jdbcType=VARCHAR},
             #{registerCode,jdbcType=VARCHAR},
             #{userId,jdbcType=VARCHAR})
    </update>

    <!--根据物联卡号查询成功登记信息-->
    <select id="getRealNameRegisterWithSuccess" resultType="Map" parameterType="String">
        SELECT F_DECRYPT_ONELINK(CUST_CERT_NO) as "custCerNo" FROM  CM_PS_REGISTER t WHERE t.MSISDN = #{msisdn, jdbcType=VARCHAR} AND t.REGISTER_CODE = '00000'
    </select>

    <!--查询用户是否已实名认证-->
    <select id="isAuthed" resultType="long" parameterType="Map">
        SELECT COUNT(1) FROM SA_PS_USER WHERE USERID = #{userId,jdbcType=VARCHAR} AND VERIFIED = '01'
    </select>

    <!--查询用户身份信息身份存在-->
    <select id="userIdentityInfoCount" resultType="long" parameterType="Map">
        SELECT COUNT(1) FROM SA_PS_CUST WHERE NAME = F_ENCRYPT_ONELINK(#{name,jdbcType=VARCHAR}) AND CUST_CERT_ID = F_ENCRYPT_ONELINK(#{custCertId,jdbcType=VARCHAR}) AND USERID = #{userId, jdbcType=VARCHAR}
    </select>

    <!--物联卡实名登记信息入库-->
    <insert id="insertMsisdnRealNameInfo" parameterType="Map">
        INSERT INTO CM_PS_REGISTER (
        NAME,
        CUST_CERT_NO,
        MSISDN,
        ICCID,
        ACTIVATION_OPTS,
        REGISTER_TIME,
        PHONE,
        REGISTER_PIC_R,
        REGISTER_PIC_Z,
        REGISTER_PIC_F,
        REGISTER_PIC_T,
        PLAT,
        CARD_BELONG,
        BEID,
        CUSTID,
        REGISTER_CODE,
        USERID
        <if test="channelId != null and channelId != ''">
            ,CHANNELID
        </if>
        )
        VALUES(
        F_ENCRYPT_ONELINK(#{name,jdbcType=VARCHAR}),
        F_ENCRYPT_ONELINK(#{custCertNo,jdbcType=VARCHAR}),
        #{msisdn,jdbcType=VARCHAR},
        #{iccid,jdbcType=VARCHAR},
        #{activeOpts,jdbcType=VARCHAR},
        SYSDATE,
        F_ENCRYPT_ONELINK(#{phone,jdbcType=VARCHAR}),
        #{registerPicIdR,jdbcType=VARCHAR},
        #{registerPicIdZ,jdbcType=VARCHAR},
        #{registerPicIdF,jdbcType=VARCHAR},
        #{registerPicIdT,jdbcType=VARCHAR},
        #{plat,jdbcType=VARCHAR},
        #{cardBelong,jdbcType=VARCHAR},
        #{beId,jdbcType=VARCHAR},
        #{custId,jdbcType=VARCHAR},
        #{registerCode,jdbcType=VARCHAR},
        #{userId,jdbcType=VARCHAR}
        <if test="channelId != null and channelId != ''">
            ,#{channelId,jdbcType=VARCHAR}
        </if>
        )
    </insert>

    <update id="updateRealNameInfo" parameterType="Map">
        UPDATE CM_PS_REGISTER
        SET
        REGISTER_CODE = #{registerCode,jdbcType=VARCHAR}
        <if test="name != null and name != ''">
            ,NAME = F_ENCRYPT_ONELINK(#{name,jdbcType=VARCHAR})
        </if>
        <if test="custCertNo != null and custCertNo != ''">
            ,CUST_CERT_NO = F_ENCRYPT_ONELINK(#{custCertNo,jdbcType=VARCHAR})
        </if>
        <if test="activeOpts != null and activeOpts != ''">
            ,ACTIVATION_OPTS = #{activeOpts,jdbcType=VARCHAR}
        </if>
        <if test="registerTime != null and registerTime != ''">
            ,REGISTER_TIME = to_date(#{registerTime,jdbcType=VARCHAR }, 'yyyy-mm-dd hh24:mi:ss')
        </if>
        <if test="phone != null and phone != ''">
            ,PHONE = F_ENCRYPT_ONELINK(#{phone,jdbcType=VARCHAR})
        </if>
        <if test="registerPicIdF != null and registerPicIdF != ''">
            ,REGISTER_PIC_F = #{registerPicIdF,jdbcType=VARCHAR}
        </if>
        <if test="registerPicIdR != null and registerPicIdR != ''">
            ,REGISTER_PIC_R = #{registerPicIdR,jdbcType=VARCHAR}
        </if>
        <if test="registerPicIdZ != null and registerPicIdZ != ''">
            ,REGISTER_PIC_Z = #{registerPicIdZ,jdbcType=VARCHAR}
        </if>
        <if test="registerPicIdT != null and registerPicIdT != ''">
            ,REGISTER_PIC_T = #{registerPicIdT,jdbcType=VARCHAR}
        </if>
        <if test="plat != null and plat != ''">
            ,PLAT = #{plat,jdbcType=VARCHAR}
        </if>
        <if test="cardBelong != null and cardBelong != ''">
            ,CARD_BELONG = #{cardBelong,jdbcType=VARCHAR}
        </if>
        <if test="beId != null and beId != ''">
            ,BEID = #{beId,jdbcType=VARCHAR}
        </if>
        <if test="custId != null and custId != ''">
            ,CUSTID = #{custId,jdbcType=VARCHAR}
        </if>
        <if test="userId != null and userId != ''">
            ,USERID = #{userId,jdbcType=VARCHAR}
        </if>
        WHERE
        MSISDN = #{msisdn,jdbcType=VARCHAR}
        AND REGISTER_CODE = '00000'
    </update>

    <insert id="insertRegisterInfo" parameterType="map">
        insert into CM_PS_REGISTER (msisdn,iccid,userid,custid,beid,busiSeq,card_belong,plat,starttime
        <if test="flag != null and flag != ''">
            ,flag
        </if>
        <if test="channelId != null and channelId != ''">
            ,channelId
        </if>
        <if test="transNo != null and transNo != ''">
            ,transNo
        </if>
        <if test="isActive != null and isActive != ''">
            ,isActive
        </if>
        <if test="opts != null and opts != ''">
            ,ACTIVATION_OPTS
        </if>
        <if test="msgId != null">
            ,MSGID
        </if>
        <if test="subsId != null and subsId != ''">
            ,subsId
        </if>
        <if test="phone != null and phone != ''">
            ,phone
        </if>
        ) values (#{msisdn},#{iccid},#{userId},
        #{custId},#{beId},#{busiSeq},'01',#{plat},sysdate
        <if test="flag != null and flag != ''">
            ,#{flag}
        </if>
        <if test="channelId != null and channelId != ''">
            ,#{channelId}
        </if>
        <if test="transNo != null and transNo != ''">
            ,#{transNo}
        </if>
        <if test="isActive != null and isActive != ''">
            ,#{isActive}
        </if>
        <if test="opts != null and opts != ''">
            ,#{opts}
        </if>
        <if test="msgId != null">
            ,#{msgId}
        </if>
        <if test="subsId != null and subsId != ''">
            ,#{subsId}
        </if>
        <if test="phone != null and phone != ''">
            ,F_ENCRYPT_ONELINK(#{phone})
        </if>
        )
    </insert>

    <select id="queryCtRealNameInfo" resultType="com.cmiot.mybatis.vo.CtRealNameVo">
        select msisdn,iccid,F_DECRYPT_ONELINK(phone) as phone,beId,custId,isActive,flag,busiSeq,auditStatus,auditMessage,REGISTER_CODE as registerCode,transNo,channelId,userId from CM_PS_REGISTER
        where  busiSeq is not null and REGISTER_CODE is null and (auditStatus not in ('0','2','3','4') or auditStatus is null)
        and sysdate<![CDATA[ <= ]]>starttime+1/24
    </select>

    <update id="updateCtRealNameResult" parameterType="com.cmiot.mybatis.vo.CtRealNameVo">
        update CM_PS_REGISTER set busiSeq=#{busiSeq}
        <if test="auditStatus != null and auditStatus != ''">
            ,auditStatus = #{auditStatus}
        </if>
        <if test="auditMessage != null and auditMessage != ''">
            ,auditMessage = #{auditMessage}
        </if>
        <if test="registerCode != null and registerCode != ''">
            ,REGISTER_CODE = #{registerCode}
        </if>
        <if test="registerCode != null and registerCode != ''">
            ,REGISTER_TIME = sysdate
        </if>
        <if test="jobId != null and jobId != ''">
            ,jobId = #{jobId}
        </if>
        where busiSeq=#{busiSeq}
    </update>

    <select id="queryModifyInfo" resultType="com.cmiot.mybatis.vo.CtRealNameVo">
        select msisdn,iccid,F_DECRYPT_ONELINK(phone) as phone,beId,custId,isActive,flag,userId,transNo,busiseq,MSGID AS msgId ,CHANNELID AS channelId from CM_PS_REGISTER
        where auditStatus in ('0','3') and REGISTER_CODE is null
    </select>

    <select id="querySysParam" parameterType="String" resultType="String">
        select PARAMVALUE from SA_DB_SYSPARAM where PARAMID=#{paramId}
    </select>

    <select id="queryCtRealNameByKafka" resultType="com.cmiot.mybatis.vo.CtRealNameVo" parameterType="String">
        select msisdn,F_DECRYPT_ONELINK(phone) as phone,busiSeq,auditStatus,auditMessage,REGISTER_CODE as registerCode,transNo,userId from CM_PS_REGISTER
        where  busiSeq=#{busiSeq} and (auditStatus not in ('0','2','3','4') or auditStatus is null)
    </select>

    <update id="updateSameCode" parameterType="String">
        update CM_PS_REGISTER set REGISTER_CODE='-40',REGISTER_TIME=sysdate where BUSISEQ=#{busiSeq} and REGISTER_CODE is null
    </update>

    <select id="queryWaitInfo" parameterType="String" resultType="int">
        select count(1) from CM_PS_REGISTER where msisdn=#{msisdn} and (REGISTER_CODE is null or auditStatus is null ) and busiseq is not null
        and sysdate<![CDATA[ <= ]]>starttime+1/96
    </select>

    <select id="querySameBusiseq" parameterType="String" resultType="int">
        select count(1) from CM_PS_REGISTER where BUSISEQ=#{busiSeq} and REGISTER_CODE is not null
    </select>

    <select id="getInfoBySubsId" parameterType="String" resultType="com.cmiot.mybatis.vo.CtRealNameVo">
select a.msisdn as msisdn,a.phone as phone,a.registerCode as registerCode,a.channelId as channelId,a.userid as userId,
a.transno as transNo,to_char(a.register_time,'yyyy-mm-dd hh24:mi:ss') as registerTime,a.busiseq as busiseq,a.jobid as jobid,
a.beid as beid,a.custid as custid,a.isactive as isactive,a.MSGID AS msgId from
(select msisdn,F_DECRYPT_ONELINK(phone) as phone,REGISTER_CODE as registerCode,channelId,userid,transno,register_time,busiseq,jobid,beid,custid,ISACTIVE,MSGID from CM_PS_REGISTER where subsid=#{subsId}
and REGISTER_CODE in ('0000','00000') and CHANGE_TIME is null
 order by REGISTER_TIME desc
) a where ROWNUM=1
    </select>

    <select id="getInfoBySubsIdH5" parameterType="String" resultType="com.cmiot.mybatis.vo.CtRealNameVo">
select a.msisdn as msisdn,a.phone as phone,a.registerCode as registerCode,a.channelId as channelId,a.userid as userId,
a.transno as transNo,to_char(a.register_time,'yyyy-mm-dd hh24:mi:ss') as registerTime,a.busiseq as busiseq,a.jobid as jobid,
a.beid as beid,a.custid as custid,a.isactive as isactive,a.MSGID AS msgId from
(select msisdn,F_DECRYPT_ONELINK(phone) as phone,REGISTER_CODE as registerCode,channelId,userid,transno,register_time,busiseq,jobid,beid,custid,ISACTIVE,MSGID from CM_PS_REGISTER where subsid=#{subsId}
and REGISTER_CODE in ('0000','00000')
 order by REGISTER_TIME desc
) a where ROWNUM=1
    </select>


    <insert id="addInnerStatisRecord" parameterType="map">
        insert into CM_PS_REGISTERCARD_STATIS (RECORDDATE,ONE,TWOCT,THREECT,TWOPB,THREEPB,FOURPB) values (to_char(sysdate,'yyyy-mm-dd'),#{one},
        #{twoct},#{threect},#{twopb},#{threepb},#{fourpb})
    </insert>

    <insert id="saveRegisterH5Info" parameterType="com.cmiot.mybatis.vo.RegisterH5Info">
insert into CM_PS_H5SENDINFO (SUBSID,IDNUMBER,NAME,STATUS,CREATETIME) values (#{subsId},#{idNumber},#{name},'0',sysdate)
    </insert>

    <select id="queryNeedSendH5Info" resultType="com.cmiot.mybatis.vo.RegisterH5Info">
       select SUBSID,IDNUMBER,NAME from CM_PS_H5SENDINFO where status='0' and sysdate <![CDATA[ <= ]]> createtime+1/24
    </select>

    <update id="modifyH5Info" parameterType="com.cmiot.mybatis.vo.RegisterH5Info">
        update CM_PS_H5SENDINFO set status='1' where SUBSID=#{subsId} and IDNUMBER=#{idNumber} and NAME=#{name} and status='0'
    </update>

    <insert id="insertRegisterStatusOrder" parameterType="map">
        insert into CM_PS_REGISTER_ORDER_WAIT (orderid,msisdn,phone,status,starttime,beid,custid,transno)
        values (#{orderId},#{msisdn},#{phone},#{status},sysdate,#{beId},#{custId},#{transNo})
    </insert>

    <select id="queryWaitOrder" resultType="com.cmiot.mybatis.vo.CtRegisterOrderVo">
        select orderid,msisdn,phone,status,to_char(starttime,'yyyy-mm-dd hh24:mi:ss') as startTime,beid,custid,transNo from CM_PS_REGISTER_ORDER_WAIT where
        status='0' and sysdate <![CDATA[ <= ]]> starttime+1/24
    </select>

    <update id="updateOrderStatus" parameterType="String">
        update CM_PS_REGISTER_ORDER_WAIT set status=1 where orderId=#{orderId}
    </update>

    <update id="batchUpdateOrderStatus" parameterType="java.util.List">
        UPDATE CM_PS_REGISTER_ORDER_WAIT
        SET status=1
        WHERE orderId IN
        <foreach collection="list" index="index" item="item" open="(" separator="," close=")">
            #{item}
        </foreach>
    </update>

    <select id="queryCtRegisterList" parameterType="map" resultType="com.cmiot.mybatis.vo.CardRegisterVo">
select msisdn,to_char(STARTTIME,'yyyy/mm/dd hh24:mi:ss') as startTime,AUDITSTATUS,REGISTER_CODE as registerCode,CHANGE_STATUS as changeStatus,
AUDITMESSAGE from CM_PS_REGISTER where AUDITSTATUS is not null and starttime is not null and  userid=#{userId} order by STARTTIME desc
    </select>

    <update id="updateChangeStatusByBusiSeq" parameterType="String">
        update CM_PS_REGISTER set CHANGE_STATUS='1',CHANGE_TIME=sysdate where busiseq=#{busiSeq}
    </update>

    <update id="updateChangeStatusByJobId" parameterType="String">
        update CM_PS_REGISTER set CHANGE_STATUS='1',CHANGE_TIME=sysdate where jobId=#{jobId}
    </update>

    <update id="modifyChangeStatus" parameterType="String">
        update CM_PS_REGISTER set CHANGE_STATUS='1',CHANGE_TIME=sysdate where busiseq=#{busiSeq}
    </update>

    <select id="queryJobId" resultType="com.cmiot.mybatis.vo.CtRegisterOrderVo">
        select jobid,msisdn,custid,beid,transNo,F_DECRYPT_ONELINK(phone) as phone,ISACTIVE,MSGID,CHANNELID from CM_PS_REGISTER where
        jobid is not null and change_Status is null and register_Code='00000' and sysdate <![CDATA[ <= ]]> REGISTER_TIME+1/12
    </select>

    <select id="queryStatusIsChange" resultType="int" parameterType="String">
        select count(1) from CM_PS_REGISTER where jobid=#{jobId} and change_Status='1'
    </select>

    <select id="queryTimeoutOrder" resultType="String">
        select jobid from CM_PS_REGISTER where jobid is not null and
        change_Status is null and register_Code='00000' and sysdate <![CDATA[ > ]]> REGISTER_TIME+1/12
    </select>

    <update id="batchUpdateTimeoutStatus" parameterType="java.util.List">
        UPDATE CM_PS_REGISTER
        SET CHANGE_STATUS='0'
        WHERE jobid IN
        <foreach collection="list" index="index" item="item" open="(" separator="," close=")">
            #{item}
        </foreach>
    </update>

    <update id="UpdateTimeoutStatus" parameterType="String">
        UPDATE CM_PS_REGISTER
        SET CHANGE_STATUS='0'
        WHERE jobid =#{jobId}
    </update>

    <update id="updateTrafficCount">
        MERGE INTO CM_AUTH_STATISTICS a
        USING (select appid,count(1) as c from CM_PS_TRAFFIC_TEMP where START_TIME <![CDATA[ <= ]]> sysdate group by appid) b
        ON (a.appid=b.appid)
        WHEN MATCHED THEN
        UPDATE
        SET REQUEST_CNT = REQUEST_CNT + b.c, UPDATE_TIME = SYSDATE
    </update>

    <delete id="deleteTrafficCount">
        delete from CM_PS_TRAFFIC_TEMP where START_TIME <![CDATA[ <= ]]> SYSDATE
    </delete>

    <select id="queryH5custList" parameterType="map" resultType="String">
        select H5CUSTNAME from CM_PS_REALNAMEH5_CUST where appid=#{appId}
    </select>

    <select id="queryPbRegisterList" resultType="com.cmiot.mybatis.vo.CardRegisterVo" parameterType="map">
        select msisdn,to_char(FLOWSTART_TIME,'yyyy/mm/dd hh24:mi:ss') as startTime,status as AUDITSTATUS,REGISTER_CODE as registerCode
         from CM_PS_PB_REGISTER where name is not null and FLOWSTART_TIME is not null and  userid=#{userId} order by FLOWSTART_TIME desc
    </select>

    <select id="queryRegisterInfoDao" parameterType="map" resultType="int">
select count(1) from CM_PS_PB_REGISTER where msisdn=#{msisdn} and orderNo=#{orderNo} and REGISTER_CODE='00000'
    </select>

    <select id="queryCt01" resultType="com.cmiot.mybatis.vo.CTCustomerVO">
select BE_ID,CUST_ID,CUST_CODE,CUST_NAME,P_CUST_ID,CUST_TYPE,DEF_ACCT_ID,CUST_SEGMENT,CUST_CLASS,CUST_LEVEL,CUST_STATUS,
 STATUS_REASON,CUST_CREDIT_LEVEL,CREATE_TIME,MODIFY_TIME,REGION_ID,OP_CODE,SEX,ACCT_TYPE,EFFECT_TIME,EXPIRE_TIME,CUST_GLOBAL_TRADE_ID,ORGID from  CM_CU_CT_CUSTOMER
  where OP_CODE='01' and CUST_CODE is not null and CREATE_TIME is not null
    </select>

    <select id="queryCt03" resultType="com.cmiot.mybatis.vo.CTCustomerVO">
select BE_ID,CUST_ID,CUST_CODE,CUST_NAME,P_CUST_ID,CUST_TYPE,DEF_ACCT_ID,CUST_SEGMENT,CUST_CLASS,CUST_LEVEL,CUST_STATUS,
 STATUS_REASON,CUST_CREDIT_LEVEL,CREATE_TIME,MODIFY_TIME,REGION_ID,OP_CODE,SEX,ACCT_TYPE,EFFECT_TIME,EXPIRE_TIME,CUST_GLOBAL_TRADE_ID,ORGID from  CM_CU_CT_CUSTOMER
 where  OP_CODE='03' and cust_code is not null and MODIFY_TIME is not null order by MODIFY_TIME
    </select>

    <insert id="addCustomer" parameterType="com.cmiot.mybatis.vo.CTCustomerVO">
        INSERT INTO CM_CU_CT_CUSTOMER(BE_ID,CUST_ID,CUST_CODE,CUST_NAME,
        <if test="ORGID != null and ORGID != ''">
            ORGID,
        </if>
        <if test="P_CUST_ID != 0">
            P_CUST_ID,
        </if>
        <if test="CUST_TYPE != 0">
            CUST_TYPE,
        </if>
        <if test="DEF_ACCT_ID != 0">
            DEF_ACCT_ID,
        </if>
        <if test="CUST_SEGMENT != null and CUST_SEGMENT != ''">
            CUST_SEGMENT,
        </if>
        <if test="CUST_CLASS != 0">
            CUST_CLASS,
        </if>
        <if test="CUST_LEVEL != null and CUST_LEVEL != ''">
            CUST_LEVEL,
        </if>
        <if test="CUST_STATUS != 0">
            CUST_STATUS,
        </if>
        <if test="STATUS_REASON != null and STATUS_REASON != ''">
            STATUS_REASON,
        </if>
        <if test="CUST_CREDIT_LEVEL != null and CUST_CREDIT_LEVEL != ''">
            CUST_CREDIT_LEVEL,
        </if>
        <if test="CREATE_TIME != null and CREATE_TIME != ''">
            CREATE_TIME,
        </if>
        <if test="MODIFY_TIME != null and MODIFY_TIME != ''">
            MODIFY_TIME,
        </if>
        <if test="REGION_ID != null and REGION_ID != ''">
            REGION_ID,
        </if>
        <if test="OP_CODE != null and OP_CODE != ''">
            OP_CODE,
        </if>
        <if test="SEX != null and SEX != ''">
            SEX,
        </if>
        <if test="ACCT_TYPE != null and ACCT_TYPE != ''">
            ACCT_TYPE,
        </if>
        <if test="EFFECT_TIME != null and EFFECT_TIME != ''">
            EFFECT_TIME,
        </if>
        <if test="EXPIRE_TIME != null and EXPIRE_TIME != ''">
            EXPIRE_TIME,
        </if>
        <if test="CUST_GLOBAL_TRADE_ID != null and CUST_GLOBAL_TRADE_ID != ''">
            CUST_GLOBAL_TRADE_ID,
        </if>
        FLAG
        )
        VALUES
        (#{BE_ID,jdbcType=VARCHAR}, #{CUST_ID}, #{CUST_CODE,jdbcType=VARCHAR}, #{CUST_NAME,jdbcType=VARCHAR},
        <if test="ORGID != null and ORGID != ''">
            #{ORGID},
        </if>
        <if test="P_CUST_ID != 0">
            #{P_CUST_ID},
        </if>
        <if test="CUST_TYPE != 0">
            #{CUST_TYPE},
        </if>
        <if test="DEF_ACCT_ID != 0">
            #{DEF_ACCT_ID},
        </if>
        <if test="CUST_SEGMENT != null and CUST_SEGMENT != ''">
            #{CUST_SEGMENT, jdbcType=VARCHAR},
        </if>
        <if test="CUST_CLASS != 0">
            #{CUST_CLASS},
        </if>
        <if test="CUST_LEVEL != null and CUST_LEVEL != ''">
            #{CUST_LEVEL1},
        </if>
        <if test="CUST_STATUS != 0">
            #{CUST_STATUS},
        </if>
        <if test="STATUS_REASON != null and STATUS_REASON != ''">
            #{STATUS_REASON,jdbcType=VARCHAR},
        </if>
        <if test="CUST_CREDIT_LEVEL != null and CUST_CREDIT_LEVEL != ''">
            #{CUST_CREDIT_LEVEL,jdbcType=VARCHAR},
        </if>
        <if test="CREATE_TIME != null and CREATE_TIME != ''">
            #{CREATE_TIME,jdbcType=VARCHAR},
        </if>
        <if test="MODIFY_TIME != null and MODIFY_TIME != ''">
            #{MODIFY_TIME,jdbcType=VARCHAR},
        </if>
        <if test="REGION_ID != null and REGION_ID != ''">
            #{REGION_ID,jdbcType=VARCHAR},
        </if>
        <if test="OP_CODE != null and OP_CODE != ''">
            #{OP_CODE,jdbcType=VARCHAR},
        </if>
        <if test="SEX != null and SEX != ''">
            #{SEX,jdbcType=VARCHAR},
        </if>
        <if test="ACCT_TYPE != null and ACCT_TYPE != ''">
            #{ACCT_TYPE,jdbcType=VARCHAR},
        </if>
        <if test="EFFECT_TIME != null and EFFECT_TIME != ''">
            #{EFFECT_TIME,jdbcType=VARCHAR},
        </if>
        <if test="EXPIRE_TIME != null and EXPIRE_TIME != ''">
            #{EXPIRE_TIME,jdbcType=VARCHAR},
        </if>
        <if test="CUST_GLOBAL_TRADE_ID != null and CUST_GLOBAL_TRADE_ID != ''">
            #{CUST_GLOBAL_TRADE_ID,jdbcType=VARCHAR},
        </if>
        '1'
        )
    </insert>

    <select id="queryIsRepeat" resultType="int">
        select count(1) from CM_CU_CT_CUSTOMER where flag is not null
    </select>

    <select id="queryCustIdBymsisdn" parameterType="String" resultType="String">
        select t.custid as custId from (select custid from CM_PS_REGISTER where msisdn=#{msisdn} and custid is not null and REGISTER_CODE='00000'
        order by REGISTER_TIME desc)t where rownum=1
    </select>

    <select id="queryCustCodeById" parameterType="int" resultType="String">
select cust_code as custCode from CM_CU_CT_CUSTOMER where cust_id=#{custId} and rownum=1
    </select>

    <select id="queryTrafficHis" resultType="com.cmiot.mybatis.vo.TrafficVo">
select id,appId from MSG_AUTH_CONTROL where status=2 and flag is null
    </select>

    <update id="updateTrafficHis" parameterType="int">
        update MSG_AUTH_CONTROL set flag='success' where id=#{id}
    </update>

    <insert id="insertTrafficRecord" parameterType="map">
        insert into CM_PS_TRAFFIC_RECORD (channelid,msisdn,filename,sendtime,status) values (#{channelId},#{msisdn},#{fileName},sysdate,'success')
    </insert>

</mapper>