<?xml version="1.0" encoding="UTF-8" ?>
        <!DOCTYPE mapper
                PUBLIC "-//mybatis.org//DTD Mapper 3.0//EN"
                "http://mybatis.org/dtd/mybatis-3-mapper.dtd">
<mapper namespace="com.cmiot.mybatis.dao.RealNameAuditResultDao">

    <!--通过busiSeq来查找对应的keyId 与缓存中的keyId对比 然后取key-->
    <select id="queryKeyIdBySeq" resultType="String" parameterType="String">
        SELECT KEY_ID FROM  MSG_OL_AUDITRESULT t WHERE t.BUSISEQ=#{0}
    </select>

    <!--通过busiSeq查找认证结果-->
    <select id="getRealNameAuthResultBySeq" resultType="Map" parameterType="String">
        SELECT audit_status AS "auditStatus", audit_message AS "auditMessage", return_code AS "returnCode", return_message AS "returnMessage", busiseq AS "busiSeq"
        FROM  MSG_OL_AUDITRESULT T
        WHERE T.CHANNELID='WX_OA' AND T.BUSISEQ = #{busiSeq,jdbcType=VARCHAR}
    </select>

    <insert id="saveRealNameRequestInfo" parameterType="Map">
        INSERT INTO MSG_OL_AUDITRESULT(
          TRANSACTIONID,
          BUSISEQ,
          PHONE,
          CHANNELID,
          REQUEST_TIME
          )
        VALUES(
         #{transactionID,jdbcType=VARCHAR},
        #{busiSeq,jdbcType=VARCHAR},
         F_ENCRYPT_ONELINK(#{phone,jdbcType=VARCHAR}),
         #{channelId,jdbcType=VARCHAR},
          #{requestTime,jdbcType=TIMESTAMP}
         )
    </insert>


    <update id="updateAuditResult" parameterType="com.cmiot.mybatis.vo.MsgOlAuditResult">
          UPDATE MSG_OL_AUDITRESULT A
          SET A.RESPONSE_TIME =  #{responseTime,jdbcType=TIMESTAMP},
          A.AUDIT_STATUS =  #{auditStatus,jdbcType=VARCHAR},
          A.RETURN_CODE =  #{returnCode,jdbcType=VARCHAR}
        <if test="auditMessage != null and auditMessage != ''">
            ,A.AUDIT_MESSAGE = #{auditMessage,jdbcType=VARCHAR }
        </if>
        <if test="returnMessage != null and returnMessage != ''">
            ,A.RETURN_MESSAGE = #{returnMessage,jdbcType=VARCHAR }
        </if>
        <if test="picNameZ != null and picNameZ != ''">
            ,A.ID_CARD_FRONT = #{picNameZ,jdbcType=VARCHAR }
        </if>
        <if test="picNameF != null and picNameF != ''">
            ,A.ID_CARD_BACK = #{picNameF,jdbcType=VARCHAR }
        </if>
        <if test="picNameT != null and picNameT != ''">
            ,A.VIDEO_SNAPSHOT1 = #{picNameT,jdbcType=VARCHAR }
        </if>
        <if test="picNameV2 != null and picNameV2 != ''">
            ,A.VIDEO_SNAPSHOT2 = #{picNameV2,jdbcType=VARCHAR }
        </if>
        <if test="keyId != null and keyId != ''">
            ,A.KEY_ID = #{keyId,jdbcType=VARCHAR }
        </if>
        <if test="custId != null and custId != ''">
            ,A.CUST_ID = #{custId,jdbcType=VARCHAR }
        </if>
          WHERE
        1=1
        <choose>
            <when test="transactionID != null and transactionID != ''">
                AND A.TRANSACTIONID = #{transactionID,jdbcType=VARCHAR }
            </when>
            <otherwise>
                AND A.BUSISEQ = #{busiSeq,jdbcType=VARCHAR }
            </otherwise>
        </choose>
    </update>


    <select id="getRealNameAuthDailyLimit"  resultType="String">
        SELECT T.PARAMVALUE
        FROM SA_DB_SYSPARAM T
        WHERE T.PARAMID = 'REAL_NAME_DAILY_LIMIT'
    </select>

    <insert id="saveRealNameRequestForOpen" parameterType="com.cmiot.mybatis.vo.MsgOlAuditResultOpen">
        INSERT INTO MSG_OL_AUDITRESULT_OPEN(
          TRANSACTIONID,
          BUSISEQ,
          PHONE,
          CHANNELID,
          REQUEST_TIME,
          USER_ID,
          CALLBACK_URL
        <if test="returnPage != null and returnPage != ''">
          ,RETURN_PAGE
        </if>
          )
        VALUES(
             #{transactionID,jdbcType=VARCHAR},
             #{busiSeq,jdbcType=VARCHAR},
             F_ENCRYPT_ONELINK(#{phone,jdbcType=VARCHAR}),
             #{channelId,jdbcType=VARCHAR},
             #{requestTime,jdbcType=TIMESTAMP},
             #{userId,jdbcType=VARCHAR},
             #{callBackUrl,jdbcType=VARCHAR}
        <if test="returnPage != null and returnPage != ''">
            ,#{returnPage,jdbcType=VARCHAR}
        </if>
         )
    </insert>

    <update id="updateAuditResultForOpen" parameterType="com.cmiot.mybatis.vo.MsgOlAuditResultOpen">
        UPDATE MSG_OL_AUDITRESULT_OPEN A
        SET A.RESPONSE_TIME =  #{responseTime,jdbcType=TIMESTAMP},
        A.AUDIT_STATUS =  #{auditStatus,jdbcType=VARCHAR},
        A.RETURN_CODE =  #{returnCode,jdbcType=VARCHAR}
        <if test="auditMessage != null and auditMessage != ''">
            ,A.AUDIT_MESSAGE = #{auditMessage,jdbcType=VARCHAR }
        </if>
        <if test="returnMessage != null and returnMessage != ''">
            ,A.RETURN_MESSAGE = #{returnMessage,jdbcType=VARCHAR }
        </if>
        <if test="picNameZ != null and picNameZ != ''">
            ,A.ID_CARD_FRONT = #{picNameZ,jdbcType=VARCHAR }
        </if>
        <if test="picNameF != null and picNameF != ''">
            ,A.ID_CARD_BACK = #{picNameF,jdbcType=VARCHAR }
        </if>
        <if test="picNameT != null and picNameT != ''">
            ,A.VIDEO_SNAPSHOT1 = #{picNameT,jdbcType=VARCHAR }
        </if>
        <if test="picNameV2 != null and picNameV2 != ''">
            ,A.VIDEO_SNAPSHOT2 = #{picNameV2,jdbcType=VARCHAR }
        </if>
        <if test="keyId != null and keyId != ''">
            ,A.KEY_ID = #{keyId,jdbcType=VARCHAR }
        </if>
        <if test="userId != null and userId != ''">
            ,A.USER_ID = #{userId,jdbcType=VARCHAR }
        </if>
        WHERE
        1=1
        <choose>
            <when test="transactionID != null and transactionID != ''">
                AND A.TRANSACTIONID = #{transactionID,jdbcType=VARCHAR }
            </when>
            <otherwise>
                AND A.BUSISEQ = #{busiSeq,jdbcType=VARCHAR }
            </otherwise>
        </choose>
    </update>

    <select id="getAuditRequestInfo" parameterType="com.cmiot.mybatis.vo.MsgOlAuditResultOpen" resultType="com.cmiot.mybatis.vo.MsgOlAuditResultOpen">
        SELECT
            A.TRANSACTIONID AS transactionID,
            A.BUSISEQ AS busiSeq,
            F_DECRYPT_ONELINK(A.PHONE) AS phone,
            A.USER_ID AS userId,
            A.CALLBACK_URL AS callBackUrl,
            A.AUDIT_STATUS AS auditStatus,
            A.RESPONSE_TIME AS responseTime,
            A.RETURN_CODE AS returnCode,
            A.RETURN_PAGE AS returnPage
        FROM
            MSG_OL_AUDITRESULT_OPEN A
        WHERE
            1 = 1
        <if test="transactionID != null and transactionID != ''">
            AND A.TRANSACTIONID = #{transactionID,jdbcType=VARCHAR }
        </if>
        <if test="busiSeq != null and busiSeq != ''">
            AND A.BUSISEQ = #{busiSeq,jdbcType=VARCHAR }
        </if>
    </select>

    <insert id="saveCustInfoForOpen" parameterType="com.cmiot.mybatis.vo.SaPsCustOpen">
        INSERT INTO SA_PS_CUST_OPEN(
            CUST_CERT_ID,
            NAME,
            ADDRESS,
            GENDER,
            NATION,
            BIRTHDAY,
            ISSUING_AUTHORITY,
            CERT_VALID_DATE,
            CERT_EXP_DATE,
            CREATE_TIME,
            MODIFY_TIME,
            BUSISEQ,
            CHANNELID
          )
        VALUES(
            F_ENCRYPT_ONELINK(#{custCertNo,jdbcType=VARCHAR}),
            F_ENCRYPT_ONELINK(#{custName,jdbcType=VARCHAR}),
            F_ENCRYPT_ONELINK(#{custCertAddr,jdbcType=VARCHAR}),
            F_ENCRYPT_ONELINK(#{gender,jdbcType=VARCHAR}),
            F_ENCRYPT_ONELINK(#{nation,jdbcType=VARCHAR}),
            #{birthday,jdbcType=TIMESTAMP},
            F_ENCRYPT_ONELINK(#{issuingAuthority,jdbcType=VARCHAR}),
            #{certValidDate,jdbcType=TIMESTAMP},
            #{certExpDate,jdbcType=TIMESTAMP},
            #{createTime,jdbcType=TIMESTAMP},
            #{modifyTime,jdbcType=TIMESTAMP},
            #{busiSeq,jdbcType=VARCHAR},
            #{channelId,jdbcType=VARCHAR}
         )
    </insert>

    <select id="getCustInfoById" parameterType="String" resultType="com.cmiot.mybatis.vo.SaPsCustOpen">
        SELECT
            F_DECRYPT_ONELINK(CUST_CERT_ID) AS custCertNo,
            F_DECRYPT_ONELINK(NAME) AS custName,
            F_DECRYPT_ONELINK(ADDRESS) AS custCertAddr,
            F_DECRYPT_ONELINK(GENDER) AS gender,
            F_DECRYPT_ONELINK(NATION) AS nation,
            BIRTHDAY AS birthday,
            F_DECRYPT_ONELINK(ISSUING_AUTHORITY) AS issuingAuthority,
            CERT_VALID_DATE AS certValidDate,
            CERT_EXP_DATE AS certExpDate,
            CREATE_TIME AS createTime,
            MODIFY_TIME AS modifyTime,
            BUSISEQ AS busiSeq,
            CHANNELID AS channelId
        FROM
            SA_PS_CUST_OPEN
        WHERE
            BUSISEQ = #{busiSeq,jdbcType=VARCHAR}
    </select>

</mapper>