<?xml version="1.0" encoding="UTF-8" ?>
        <!DOCTYPE mapper
                PUBLIC "-//mybatis.org//DTD Mapper 3.0//EN"
                "http://mybatis.org/dtd/mybatis-3-mapper.dtd">
<mapper namespace="com.cmiot.mybatis.dao.CustInfoDao">

    <!--保存客户身份信息-->
    <insert id="saveCustInfo" parameterType="com.cmiot.mybatis.vo.SaPsCust">
        INSERT INTO SA_PS_CUST(
            CUST_ID,
            CUST_CERT_ID,
            NAME,
            ADDRESS,
            GENDER,
            NATION,
            BIRTHDAY,
            ISSUING_AUTHORITY,
            CERT_VALID_DATE,
            CERT_EXP_DATE,
            CREATE_TIME,
            MODIFY_TIME,
            USERID,
            BUSISEQ
          )
        VALUES(
            #{custId,jdbcType=VARCHAR},
            F_ENCRYPT_ONELINK(#{custCertNo,jdbcType=VARCHAR}),
            F_ENCRYPT_ONELINK(#{custName,jdbcType=VARCHAR}),
            F_ENCRYPT_ONELINK(#{custCertAddr,jdbcType=VARCHAR}),
            F_ENCRYPT_ONELINK(#{gender,jdbcType=VARCHAR}),
            F_ENCRYPT_ONELINK(#{nation,jdbcType=VARCHAR}),
            #{birthday,jdbcType=TIMESTAMP},
            F_ENCRYPT_ONELINK(#{issuingAuthority,jdbcType=VARCHAR}),
            #{certValidDate,jdbcType=TIMESTAMP},
            #{certExpDate,jdbcType=TIMESTAMP},
            #{createTime,jdbcType=TIMESTAMP},
            #{modifyTime,jdbcType=TIMESTAMP},
            #{userId,jdbcType=VARCHAR},
            #{busiSeq,jdbcType=VARCHAR}
         )
    </insert>

    <!--更新客户身份信息-->
    <update id="updateCustInfo" parameterType="com.cmiot.mybatis.vo.SaPsCust">
       UPDATE
          SA_PS_CUST t
        <set>
        t.NAME =F_ENCRYPT_ONELINK(#{custName,jdbcType=VARCHAR}),
        t.ADDRESS=F_ENCRYPT_ONELINK(#{custCertAddr,jdbcType=VARCHAR}),
        t.GENDER=F_ENCRYPT_ONELINK(#{gender,jdbcType=VARCHAR}),
        t.NATION=F_ENCRYPT_ONELINK(#{nation,jdbcType=VARCHAR}),
        t.BIRTHDAY= #{birthday,jdbcType=TIMESTAMP},
        t.ISSUING_AUTHORITY=F_ENCRYPT_ONELINK(#{issuingAuthority,jdbcType=VARCHAR}),
        t.CERT_VALID_DATE= #{certValidDate,jdbcType=TIMESTAMP},
        t.CERT_EXP_DATE= #{certExpDate,jdbcType=TIMESTAMP},
        t.MODIFY_TIME=#{modifyTime,jdbcType=TIMESTAMP},
        t.USERID=#{userId,jdbcType=VARCHAR},
        t.BUSISEQ=#{busiSeq,jdbcType=VARCHAR}
        </set>
       WHERE
          t.CUST_ID = #{custId}
    </update>

    <!--通过来查找对应的keyId-->
    <select id="queryCustIdAndUserIdByCustCertNo" resultType="Map" parameterType="String">
        SELECT CUST_ID as "custId",USERID as "userId"  FROM  SA_PS_CUST t WHERE t.CUST_CERT_ID=F_ENCRYPT_ONELINK(#{custCertNo,jdbcType=VARCHAR})
    </select>

    <!--通过来查找对应的keyId-->
    <select id="queryCustCertInfoByUserId" resultType="Map" parameterType="String">
        SELECT CUST_ID as "custId", F_DECRYPT_ONELINK(CUST_CERT_ID) as "custCertID", CERT_VALID_DATE as "certValidDate" FROM  SA_PS_CUST T WHERE T.USERID = #{userId,jdbcType=VARCHAR}
    </select>

    <select id="queryCustInfoByCustId" parameterType="String" resultType="com.cmiot.mybatis.vo.SaPsCust">
        select CUST_ID AS custId,F_DECRYPT_ONELINK(CUST_CERT_ID) AS custCertNo ,USERID AS userId FROM SA_PS_CUST WHERE CUST_ID = #{custId,jdbcType=VARCHAR}
    </select>
</mapper>