<?xml version="1.0" encoding="UTF-8" ?>
<!DOCTYPE mapper PUBLIC "-//mybatis.org//DTD Mapper 3.0//EN" "http://mybatis.org/dtd/mybatis-3-mapper.dtd" >

<mapper namespace="com.cmiot.mybatis.dao.WxPersonUserInfoDao">


    <insert id="uniteUserRegister" parameterType="Map">
      INSERT INTO SA_PS_USER (
            USERID,
            PHONE,
            CREATE_TIME,
            VERIFIED,
            VALID,
            REGISTER_PLAT,
            OPENID,
            LAST_OPERATE_TIME
        )
        VALUES
        (
            #{userId, jdbcType=VARCHAR},
            #{phone, jdbcType=VARCHAR},
            to_date(#{createTime,jdbcType=VARCHAR }, 'yyyy-mm-dd hh24:mi:ss'),
            #{verified, jdbcType=VARCHAR},
            '01',
            #{registerPlat, jdbcType=VARCHAR},
            #{openId, jdbcType=VARCHAR},
            to_date(#{lastOperateTime,jdbcType=VARCHAR }, 'yyyy-mm-dd hh24:mi:ss')
        )
    </insert>
<!--platUserRegister已废弃-->
    <insert id="platUserRegister" parameterType="Map">
      INSERT INTO SA_PS_PLATUSER (
            ID,
            OPENID,
            USERID,
            LAST_OPERATE_TIME,
            PLAT,
            VALID
        )
        VALUES
        (
            #{id, jdbcType=VARCHAR},
            #{openId, jdbcType=VARCHAR},
            #{userId, jdbcType=VARCHAR},
            to_date(#{lastOperateTime,jdbcType=VARCHAR }, 'yyyy-mm-dd hh24:mi:ss'),
            #{plat, jdbcType=VARCHAR},
            '01'
        )
    </insert>

    <insert id="insertUserLoginLog" parameterType="Map">
        INSERT INTO SA_PS_LOGIN_LOG(
            USERID,
            OPENID,
            PHONE,
            LOGIN_TIME,
            PLAT
        )
        VALUES
        (
            #{userId, jdbcType=VARCHAR},
            #{openId, jdbcType=VARCHAR},
            #{phone, jdbcType=VARCHAR},
            to_date(#{loginTime,jdbcType=VARCHAR}, 'yyyy-mm-dd hh24:mi:ss'),
            #{plat, jdbcType=VARCHAR}
        )
    </insert>

    <update id="invalidAccount" parameterType="Map">
        UPDATE SA_PS_USER T
        SET
          T.VALID = '00',
          T.INVALID_TIME = sysdate,
          T.INVALID_PLAT = '00'
        WHERE
          T.USERID = #{userId,jdbcType=VARCHAR}
        AND
          T.VALID = '01'
    </update>

    <!--注销后的账户重新激活-->
    <update id="openAccount" parameterType="Map">
        UPDATE SA_PS_USER T
        SET
          T.VALID = '01',
          T.INVALID_TIME = null,
          T.INVALID_PLAT = null
        WHERE
          T.PHONE = #{phone,jdbcType=VARCHAR}
        AND
          T.VALID = '00'
    </update>

    <update id="invalidPlatAccount" parameterType="Map">
        UPDATE SA_PS_USER T SET T.VALID = '00' WHERE T.USERID = #{userId,jdbcType=VARCHAR} AND T.VALID = '01'
    </update>

    <!--注销后的账户重新激活-->
    <update id="openPlatAccount" parameterType="Map">
        UPDATE SA_PS_USER T SET T.VALID = '01'
        WHERE T.PHONE = #{phone,jdbcType=VARCHAR}
        AND T.VALID = '00'
    </update>

    <update id="invalidAllBindMsisdn" parameterType="Map">
       UPDATE CM_PS_BIND T
       SET T.BIND_STATUS = '00'
       WHERE
	    T.CUST_ID = (
      	  SELECT
		    A.CUST_ID
	      FROM
		    SA_PS_CUST A
	      WHERE
	        A.USERID =#{userId, jdbcType=VARCHAR}
	    )
    </update>


    <update id="unbindCtByMsisdn" parameterType="String">
       UPDATE CM_PS_BIND T
       SET T.BIND_STATUS = '01',
       UNBIND_TIME = SYSDATE
       WHERE MSISDN = #{msisdn, jdbcType=VARCHAR}
       AND CARD_BELONG = '01'
    </update>

    <update id="updateSMSCodeStatus" parameterType="Map">
        UPDATE NT_PS_SMSLOG T SET T.STATUS = '01' WHERE T.PHONE = #{phone,jdbcType=VARCHAR} AND T.SMSCODE = #{code,jdbcType=VARCHAR}
    </update>


    <update id="updateOperateTime" parameterType="Map">
        UPDATE SA_PS_USER T SET T.LAST_OPERATE_TIME = to_date(#{operateTime,jdbcType=VARCHAR }, 'yyyy-mm-dd hh24:mi:ss')
        WHERE
        T.PHONE = #{phone,jdbcType=VARCHAR}
        AND T.VALID = '01'
    </update>

    <select id="checkOpenId" parameterType="Map" resultType="long">
        SELECT COUNT(*) FROM SA_PS_USER WHERE OPENID = #{openId,jdbcType=VARCHAR}  AND VALID = '01'
    </select>

    <select id="checkPhoneRegister" parameterType="Map" resultType="long">
        SELECT COUNT(*) FROM SA_PS_USER WHERE PHONE = #{phone,jdbcType=VARCHAR} AND VALID = '01'
    </select>

    <select id="checkInvalidRegister" parameterType="Map" resultType="long">
        SELECT COUNT(*) FROM SA_PS_USER WHERE PHONE = #{phone,jdbcType=VARCHAR} AND VALID = '00'
    </select>

    <select id="checkWeChatAccountExist" parameterType="Map" resultType="long">
        SELECT COUNT( * ) FROM SA_PS_USER T
        WHERE
	      T.PHONE = #{phone,jdbcType=VARCHAR}
	     AND T.VALID = '01'
    </select>

    <select id="getWxUserInfo" parameterType="Map" resultType="Map">
        SELECT
            userId, openId,CREATE_TIME AS createTime,LAST_OPERATE_TIME AS lastOperateTime,REGISTER_PLAT AS plat
        FROM
            SA_PS_USER
        WHERE
            PHONE = #{phone,jdbcType=VARCHAR}  AND VALID = '01'
    </select>

    <select id="getUserPhoneByOpenId" parameterType="Map" resultType="String">
      SELECT
	    PHONE
      FROM
	  SA_PS_USER
      WHERE
	    OPENID = #{openId,jdbcType=VARCHAR}
	  AND VALID = '01'
      AND ROWNUM <![CDATA[ < ]]> 2
    </select>

    <select id="getOpenIdByPhone" parameterType="Map" resultType="String">
      SELECT
	    OPENID
      FROM
        SA_PS_USER
      WHERE
	    PHONE = #{phone,jdbcType=VARCHAR}
	   AND VALID = '01'
    </select>

    <update id="updateOpenId" parameterType="Map">
        UPDATE SA_PS_USER T
        SET T.OPENID = #{ openId,jdbcType = VARCHAR }
        WHERE
	      T.PHONE = #{ phone,jdbcType = VARCHAR }
	    AND T.VALID = '01'
    </update>

    <!--查询用户绑定物联网卡条件-->
    <sql id="MSISDN_BIND_QRY_CONDITIONS">
        <if test="bindStatus != null and bindStatus != ''">
            AND ${BIND}.BIND_STATUS LIKE CONCAT(#{bindStatus,jdbcType=VARCHAR},'%')
        </if>
        <if test="msisdn != null and msisdn != ''">
            AND ${BIND}.MSISDN LIKE CONCAT(#{msisdn},'%')
        </if>
        <if test="iccid != null and iccid !=''">
            AND ${BIND}.ICCID LIKE CONCAT(#{iccid},'%')
        </if>
        <if test="remark != null and remark !=''">
            AND ${BIND}.REMARK LIKE CONCAT(#{remark},'%')
        </if>
        <if test="cardBelong != null and cardBelong != ''">
            AND ${BIND}.CARD_BELONG = #{cardBelong,jdbcType=VARCHAR}
        </if>
    </sql>

    <!--查询用户绑定物联网卡总数-->
<!--    <select id="getUserListCnt" parameterType="Map" resultType="long">-->
<!--        SELECT COUNT(A.MSISDN) FROM CM_PS_BIND A WHERE EXISTS (-->
<!--            SELECT 1 FROM SA_PS_CUST B WHERE A.CUST_ID = B.CUST_ID-->
<!--            <if test="userId != null and userId !=''">-->
<!--                AND B.USERID = #{userId,jdbcType=VARCHAR}-->
<!--        </if>-->
<!--            AND EXISTS (SELECT 1 FROM SA_PS_PLATUSER C WHERE C.VALID = '01' AND C.USERID = B.USERID)-->
<!--        )-->
<!--        <include refid="MSISDN_BIND_QRY_CONDITIONS">-->
<!--            <property name="BIND" value="A"/>-->
<!--        </include>-->
<!--    </select>-->
    <select id="getUserListCnt" parameterType="Map" resultType="long">
        SELECT
        COUNT(1)
        FROM
        (SELECT A.*,B.USERID FROM CM_PS_BIND A, SA_PS_CUST B WHERE A.CUST_ID = B.CUST_ID
        <if test="userId != null and userId !=''">
            AND B.USERID = #{userId,jdbcType=VARCHAR}
        </if>
        <include refid="MSISDN_BIND_QRY_CONDITIONS">
            <property name="BIND" value="A"/>
        </include>
        ) t1
        INNER JOIN
        (SELECT p1.USERID FROM SA_PS_USER p1,SA_PS_CUST B1 WHERE p1.USERID = B1.USERID AND p1.VALID = '01'
        <if test="userId != null and userId !=''">
            AND B1.USERID = #{userId,jdbcType=VARCHAR}
        </if>
        ) t2
        on t1.USERID = t2.USERID
    </select>

    <!--查询绑定物联卡列表 已废弃-->
    <select id="getUserList" parameterType="Map" resultType="com.cmiot.mybatis.vo.MsisdnBindingVo">
        SELECT * FROM (
            SELECT TMP.*,ROWNUM ROWNO FROM (
                SELECT
                    A.CUST_ID AS CUSTID,
                    A.MSISDN AS MSISDN,
                    A.ICCID AS ICCID,
                    TO_CHAR(A.BIND_TIME, 'yyyy-mm-dd hh24:mi:ss') AS BINDTIME,
                    TO_CHAR(A.UNBIND_TIME, 'yyyy-mm-dd hh24:mi:ss') AS UNBINDTIME,
                    TO_CHAR(A.MODIFY_TIME, 'yyyy-mm-dd hh24:mi:ss') AS MODIFYTIME,
                    A.BIND_STATUS AS BINDSTATUS,
                    TRIM(A.REMARK) AS REMARK,
                    A.CARD_BELONG AS CARDBELONG,
                    TO_CHAR(A.TOP_TIME, 'yyyy-mm-dd hh24:mi:ss') AS TOPTIME,
                    A.IS_TOP AS ISTOP,
                    A.SUBSID AS SUBSID
                FROM CM_PS_BIND A WHERE EXISTS (
                    SELECT 1 FROM SA_PS_CUST B WHERE A.CUST_ID = B.CUST_ID
                    <if test="userId != null and userId != ''">
                        AND B.USERID = #{userId,jdbcType=VARCHAR}
                    </if>
                    AND EXISTS (SELECT 1 FROM SA_PS_PLATUSER C WHERE C.VALID = '01' AND C.USERID = B.USERID)
                )
                <include refid="MSISDN_BIND_QRY_CONDITIONS">
                    <property name="BIND" value="A"/>
                </include>
                ORDER BY A.TOP_TIME DESC) TMP
        WHERE ROWNUM &lt;= #{end,jdbcType=NUMERIC}) T
        WHERE T.ROWNO &gt;= #{start,jdbcType=NUMERIC}
    </select>

    <update id="bindMsisdn" parameterType="Map">
        MERGE INTO CM_PS_BIND A
        USING (SELECT COUNT(1) AS CNT
        FROM CM_PS_BIND
        WHERE MSISDN = #{msisdn, jdbcType=VARCHAR})
        ON (CNT > 0)
        WHEN MATCHED THEN
        UPDATE SET
        A.CUST_ID = (SELECT A.CUST_ID FROM SA_PS_CUST A WHERE A.USERID = #{userId, jdbcType=VARCHAR}),
        <if test="bindTime != null and bindTime != ''">
            A.BIND_TIME = TO_DATE(#{bindTime,jdbcType=VARCHAR }, 'yyyy-mm-dd hh24:mi:ss'),
        </if>
        A.MODIFY_TIME = TO_DATE(#{bindTime,jdbcType=VARCHAR }, 'yyyy-mm-dd hh24:mi:ss'),
        A.BIND_STATUS = #{bindStatus, jdbcType=VARCHAR},
        <if test="unbindTime != null and unbindTime != ''">
            A.UNBIND_TIME = TO_DATE(#{unbindTime, jdbcType=VARCHAR},'yyyy-mm-dd hh24:mi:ss'),
        </if>
        <if test="subsId != null and subsId != ''">
            A.SUBSID = #{subsId, jdbcType=VARCHAR},
        </if>
        A.TOP_TIME = to_date(#{bindTime,jdbcType=VARCHAR }, 'yyyy-mm-dd hh24:mi:ss')
        WHERE A.MSISDN = #{msisdn, jdbcType=VARCHAR}
        WHEN NOT MATCHED THEN
        INSERT (
        CUST_ID,
        MSISDN,
        ICCID,
        BIND_TIME,
        MODIFY_TIME,
        BIND_STATUS,
        REMARK,
        CARD_BELONG,
        TOP_TIME,
        IS_TOP,
        SUBSID
        )
        VALUES
        (
        (SELECT A.CUST_ID FROM SA_PS_CUST A WHERE A.USERID = #{userId, jdbcType=VARCHAR}),
        #{msisdn, jdbcType=VARCHAR},
        #{iccid, jdbcType=VARCHAR},
        TO_DATE(#{bindTime,jdbcType=VARCHAR }, 'yyyy-mm-dd hh24:mi:ss'),
        TO_DATE(#{bindTime,jdbcType=VARCHAR }, 'yyyy-mm-dd hh24:mi:ss'),
        #{bindStatus, jdbcType=VARCHAR},
        #{remark, jdbcType=VARCHAR},
        #{cardBelong, jdbcType=VARCHAR},
        TO_DATE(#{bindTime,jdbcType=VARCHAR }, 'yyyy-mm-dd hh24:mi:ss'),
        '00',
        #{subsId, jdbcType=VARCHAR}
        )
    </update>

    <!--获取开卡时间-->
    <select id="getOpenTime" parameterType="Map" resultType="string">
        SELECT TO_CHAR(S.OPENTIME, 'yyyy-mm-dd hh24:mi:ss') OPENTIME FROM CM_SUBS_SUBSCRIBER S WHERE 1 = 1
            <if test="msisdn != null and msisdn != ''">
                AND S.MSISDN = #{msisdn}
            </if>
    </select>

    <!--获取IMEI号-->
    <select id="getIMEI" parameterType="Map" resultType="string">
        SELECT T.IMEI FROM TM_INFO_TERMINAL_DS T WHERE 1 = 1
        <choose>
            <when test="msisdn != null and msisdn != ''">
                AND T.MSISDN = #{msisdn}
            </when>
            <otherwise>
                AND T.IMSI = #{imsi}
            </otherwise>
        </choose>
    </select>

    <!--获取绑定卡号信息-->
    <select id="getBindMsisdnInfo" parameterType="Map" resultType="com.cmiot.mybatis.vo.MsisdnBindingVo">
        SELECT
        A.CUST_ID AS CUSTID,
        A.MSISDN AS MSISDN,
        A.ICCID AS ICCID,
        TO_CHAR(A.BIND_TIME, 'yyyy-mm-dd hh24:mi:ss') AS BINDTIME,
        TO_CHAR(A.UNBIND_TIME, 'yyyy-mm-dd hh24:mi:ss') AS UNBINDTIME,
        TO_CHAR(A.MODIFY_TIME, 'yyyy-mm-dd hh24:mi:ss') AS MODIFYTIME,
        A.BIND_STATUS AS BINDSTATUS,
        TRIM(A.REMARK) AS REMARK,
        A.CARD_BELONG AS CARDBELONG,
        TO_CHAR(A.TOP_TIME, 'yyyy-mm-dd hh24:mi:ss') AS TOPTIME,
        A.IS_TOP AS ISTOP,
        A.SUBSID AS SUBSID
        FROM CM_PS_BIND A
        WHERE A.BIND_STATUS LIKE '01%'
        <choose>
            <when test="msisdn != null and msisdn != ''">
                AND A.MSISDN = #{msisdn}
            </when>
            <otherwise>
                AND A.ICCID = #{iccid}
            </otherwise>
        </choose>
    </select>

    <!--修改物联卡信息-->
    <update id="modifyBindMsisdn" parameterType="com.cmiot.mybatis.vo.MsisdnBindingVo">
        UPDATE CM_PS_BIND A
        SET A.MODIFY_TIME = SYSDATE
        <if test="unbindTime != null and unbindTime != ''">
            ,A.UNBIND_TIME = to_date(#{unbindTime,jdbcType=VARCHAR }, 'yyyy-mm-dd hh24:mi:ss')
        </if>
        <if test="bindStatus != null and bindStatus != ''">
            ,A.BIND_STATUS = #{bindStatus,jdbcType=VARCHAR }
        </if>
        <if test="remark != null and remark != ''">
            ,A.REMARK = #{remark,jdbcType=VARCHAR }
        </if>
        <if test="topTime != null and topTime != ''">
            ,A.TOP_TIME = to_date(#{topTime,jdbcType=VARCHAR }, 'yyyy-mm-dd hh24:mi:ss')
        </if>
        <if test="isTop != null and isTop != ''">
            ,A.IS_TOP = #{isTop,jdbcType=VARCHAR }
        </if>
        <if test="subsId != null and subsId != ''">
            ,A.SUBSID = #{subsId,jdbcType=VARCHAR }
        </if>
        <if test="userId != null and userId != ''">
            ,A.CUST_ID = (SELECT B.CUST_ID FROM SA_PS_CUST B WHERE B.USERID = #{userId, jdbcType=VARCHAR})
        </if>
        WHERE 1 = 1
        <choose>
            <when test="msisdn != null and msisdn != ''">
                AND A.MSISDN = #{msisdn,jdbcType=VARCHAR }
            </when>
            <otherwise>
                AND A.ICCID = #{iccid,jdbcType=VARCHAR }
            </otherwise>
        </choose>
    </update>

    <select id="getUserIdByPhone" parameterType="String" resultType="String">
        SELECT T.USERID AS userId FROM SA_PS_USER T WHERE T.PHONE = #{phone,jdbcType=VARCHAR} AND T.VALID = '01'
    </select>

    <select id="getVerifiedUserIdByPhone" parameterType="String" resultType="String">
        SELECT T.USERID AS userId FROM SA_PS_USER T WHERE T.PHONE = #{phone,jdbcType=VARCHAR} AND T.VALID = '01' AND T.VERIFIED  IN ('01', '10')
    </select>

    <!--校验用户操作权限-->
    <select id="authorityCheck" parameterType="Map" resultType="com.cmiot.mybatis.vo.MsisdnBindingVo">
       SELECT A.*
       FROM CM_PS_BIND A
            JOIN SA_PS_CUST B ON A.CUST_ID = B.CUST_ID
       WHERE B.USERID = #{userId,jdbcType=VARCHAR }
            AND A.MSISDN = #{msisdn,jdbcType=VARCHAR }
    </select>

    <select id="getVerified" parameterType="Map" resultType="String">
        SELECT T.VERIFIED AS verified FROM SA_PS_USER T WHERE T.USERID = #{userId,jdbcType=VARCHAR} AND T.VALID = '01'
    </select>

    <select id="getVerifyCustCertNo" parameterType="String" resultType="String">
        SELECT F_DECRYPT_ONELINK(T.CUST_CERT_ID) AS userCertNo FROM SA_PS_CUST T WHERE T.USERID = #{userId,jdbcType=VARCHAR} AND T.CERT_EXP_DATE >= SYSDATE
    </select>

    <update id="updateVerifiedByUserId" parameterType="Map">
        UPDATE SA_PS_USER T SET T.VERIFIED = #{verified,jdbcType=VARCHAR} WHERE T.USERID = #{userId,jdbcType=VARCHAR} AND T.VALID = '01'
    </update>

    <select id="getVerifyExpriedTime" parameterType="String" resultType="String">
        SELECT T.CERT_EXP_DATE AS "expriedTime" FROM SA_PS_CUST T WHERE T.USERID = #{userId,jdbcType=VARCHAR}
    </select>

    <select id="getNameByUserId" parameterType="String" resultType="String">
        SELECT F_DECRYPT_ONELINK(T.NAME) AS name FROM SA_PS_CUST T WHERE T.USERID = #{userId,jdbcType=VARCHAR}
    </select>

    <insert id="saveSMSLog" parameterType="Map">
        INSERT INTO NT_PS_SMSLOG (
        PHONE,
        SMSCODE,
        REASON,
        TEMPID,
        SENDTIME,
        RESULTCODE,
        PLAT,
        STATUS
        <if test="resultInfo != null and resultInfo != ''">
            ,RESULTINFO
        </if>
        <if test="errorInfo != null and errorInfo != ''">
            ,ERRORINFO
        </if>
        )VALUES (
        #{phone,jdbcType=VARCHAR},
        #{smsCode,jdbcType=VARCHAR},
        #{reason,jdbcType=VARCHAR},
        #{tempid, jdbcType=VARCHAR},
        to_date(#{sendTime, jdbcType=VARCHAR}, 'yyyy-mm-dd hh24:mi:ss'),
        #{resultCode, jdbcType=VARCHAR},
        #{plat, jdbcType=VARCHAR},
        #{status, jdbcType=VARCHAR}
        <if test="resultInfo != null and resultInfo != ''">
            ,#{resultInfo,jdbcType=VARCHAR }
        </if>
        <if test="errorInfo != null and errorInfo != ''">
            ,#{errorInfo,jdbcType=VARCHAR}
        </if>
        )
    </insert>

    <!--套餐信息查询-->
    <select id="getProductInfoByInstId" parameterType="java.util.Map"
            resultType="com.cmiot.mybatis.vo.ProductInfoVo">
        SELECT
        T.PRODNAME AS prodName,
        TO_CHAR(STARTDATE, 'yyyy-mm-dd') as availableDate,
        TO_CHAR(PRODINSTEXPTIME,'yyyy-mm-dd') as endDate
        FROM
        CM_SUBS_PRODUCT T
        WHERE T.PRODINSTID = #{prodInstId,jdbcType=VARCHAR}
    </select>

    <!--获取卡信息-->
    <select id="getDbSimInfo"  resultType="Map">
        SELECT A.STATUS as "status" FROM CM_SUBS_SUBSCRIBER A WHERE A.MSISDN=#{msisdn,jdbcType=VARCHAR}
        <if test="custId != null and custId != ''">
            AND A.CUSTID = #{custId,jdbcType=VARCHAR}
        </if>
        <if test="provinceId != null and provinceId != ''">
            AND A.PROVINCEID = #{provinceId,jdbcType=VARCHAR}
        </if>
    </select>

    <!--根据subsId获取成员产品-->
    <select id="getProdInstIds" parameterType="string" resultType="string">
        SELECT  PRODINSTID
        FROM CM_SUBS_PRODUCT
        WHERE SUBSID =  #{subsId,jdbcType=VARCHAR} AND PKGPRODID IS NOT NULL
    </select>

    <!--  获取流量排序  -->
    <select id="getSortMap" resultMap="sortMap" >
        SELECT * FROM CM_PS_PROD_SORT
    </select>
    <resultMap id="sortMap" type="com.cmiot.mybatis.vo.SortInfoVo">
        <id column="PRODID" property="prodId" javaType="String"></id>
        <result column="SORT" property="sort" javaType="String"></result>
        <result column="MODELTYPE" property="modelType" javaType="String"></result>
    </resultMap>

    <!--获取subsId-->
    <select id="getSubsId" parameterType="string" resultType="string">
        SELECT SUBSID
        FROM CM_SUBS_SUBSCRIBER
        WHERE MSISDN = #{msisdn,jdbcType=VARCHAR}
    </select>

    <!--获取实名登记信息-->
    <select id="checkRealName" parameterType="Map" resultType="com.cmiot.mybatis.vo.RealNameInfoRecord">
        SELECT
            F_DECRYPT_ONELINK(A.NAME)            AS NAME,
            F_DECRYPT_ONELINK(A.CUST_CERT_NO)    AS CUSTCERTNO,
            A.MSISDN          AS MSISDN,
            A.ICCID           AS ICCID,
            A.ACTIVATION_OPTS AS ACTIVATIONOPTS,
            A.REGISTER_TIME   AS REGISTERTIME,
            F_DECRYPT_ONELINK(A.PHONE)           AS PHONE,
            A.REGISTER_PIC_T  AS REGISTER_PIC_T,
            A.REGISTER_PIC_R  AS REGISTER_PIC_R,
            A.CARD_BELONG     AS CARDBELONG,
            A.BEID            AS BEID,
            A.CUSTID          AS CUSTID,
            A.REGISTER_CODE   AS REGISTERCODE,
            A.USERID          AS USERID
        FROM CM_PS_REGISTER A
        WHERE A.MSISDN = #{msisdn,jdbcType=VARCHAR}
            AND A.REGISTER_CODE = '00000'
    </select>

    <!--添加sim卡个人账户充值记录-->
    <!--已废弃-->
    <insert id="saveChargeLog" parameterType="map">
        INSERT INTO CM_PS_CHARGE (
            SIM_ACCOUNT_ID,
            SIM_ACCOUNT_NAME,
            MSISDN,
            PAYMENT_TYPE,
            DEFAULT_BANK,
            CHARGE_MONEY,
            CLIENT_IP,
            INNER_ORDER_NO,
            OUTER_ORDER_NO,
            CHANNEL_ID,
            RETURN_URL,
            CHARGE_URL,
            CHARGE_TIME,
            ENTITY_TYPE,
            CUSTID,
            BEID,
            PAYED_TYPE,
            CARD_BELONG,
            USERID
        )
        VALUES
            (
                #{accountId,jdbcType=VARCHAR},
                #{accountName,jdbcType=VARCHAR},
                #{msisdn,jdbcType=VARCHAR},
                #{paymentType,jdbcType=VARCHAR},
                #{defaultBank,jdbcType=VARCHAR},
                #{chargeMoney,jdbcType=VARCHAR},
                #{clientIp,jdbcType=VARCHAR},
                #{innerOrderNo,jdbcType=VARCHAR},
                #{outerOrderNo,jdbcType=VARCHAR},
                #{channelId,jdbcType=VARCHAR},
                #{returnURL,jdbcType=VARCHAR},
                #{chargeURL,jdbcType=VARCHAR},
                to_date(#{chargeTime,jdbcType=VARCHAR }, 'yyyy-mm-dd hh24:mi:ss'),
                #{entityType,jdbcType=VARCHAR},
                #{custId,jdbcType=VARCHAR},
                #{beId,jdbcType=VARCHAR},
                #{payedType,jdbcType=VARCHAR},
                #{cardBelong,jdbcType=VARCHAR},
                #{userId,jdbcType=VARCHAR}
            )
    </insert>

    <!-- 获取登录用户身份证 -->
    <select id="getCertIdByUserId" parameterType="String" resultType="String">
        SELECT F_DECRYPT_ONELINK(A.CUST_CERT_ID) AS CUST_CERT_ID FROM  SA_PS_CUST A WHERE USERID = #{userId,jdbcType=VARCHAR}
    </select>

    <!-- 记录操作日志 -->
    <insert id="saveOperLog" parameterType="Map">
        INSERT INTO CM_PS_OPER_LOG
          (MSISDN,
           OPER_TYPE,
           USERID,
           OPER_PLAT,
           TRANS_NO,
           OPER_TIME,
           OPER_RESULT,
           COMMENTS)
        VALUES
          (#{msisdn,jdbcType=VARCHAR},
           #{operType,jdbcType=VARCHAR},
           #{userId,jdbcType=VARCHAR},
           #{plat,jdbcType=VARCHAR},
           #{transNo,jdbcType=VARCHAR},
           SYSDATE,
           #{operResult,jdbcType=VARCHAR},
           #{comments,jdbcType=VARCHAR})
    </insert>

    <!--个人业务点击量入库 -->
    <insert id="saveBusinessHitLog" parameterType="java.util.List">
        INSERT INTO CM_PS_BUSINESS_HIT(
        "ID",
        "HIT_TIME",
        "BUSINESS_HIT_TYPE",
        "OPER_USER",
        "PLAT",
        "MSISDN"
        )
        <foreach collection="list" item="item" separator="UNION ALL">
            select
            #{item.id,jdbcType=VARCHAR},
            to_date(#{item.hitTime,jdbcType=VARCHAR}, 'yyyy-mm-dd hh24:mi:ss'),
            #{item.businessHitType,jdbcType=VARCHAR},
            #{item.userId,jdbcType=VARCHAR},
            #{item.plat,jdbcType=VARCHAR},
            #{item.msisdn,jdbcType=VARCHAR}
            FROM dual
        </foreach>
    </insert>

    <select id="getMsisdnIccid" parameterType="Map" resultType="com.cmiot.mybatis.vo.MsisdnBindingVo">
        SELECT
	      S.MSISDN AS MSISDN,
	      S.ICCID AS ICCID,
	      S.STATUS AS STATUS
        FROM
	      CM_SUBS_SUBSCRIBER S
        WHERE
	      S.MSISDN = #{msisdn,jdbcType=VARCHAR}
    </select>
    <!-- 查询行业列表/问题类型 -->
    <select id="getDicts" resultType="Map" parameterType="Map">
     SELECT A.DICTID, A.DICTNAME
      FROM SA_DB_DICTITEM A
     WHERE A.LANGUAGE = 'zh_CN'
     <choose>
         <when test="dict_type != null and dict_type != '' and dict_type == 'problem'.toString()">
             AND A.GROUPID = 'problemType'
             ORDER BY A.DICTID
         </when>
         <otherwise>
             AND A.GROUPID = 'applicationArea'
             AND A.DICTID != 1
             ORDER BY A.DICTNAME
         </otherwise>
     </choose>
    </select>

    <!-- 获取手机号归属省份 -->
    <select id="getSegmentBelong" parameterType="String" resultType="String">
        SELECT
        T.PROVINCE_ID AS PROVINCEID
        FROM
        SA_PS_NUMSEGMENT T
        WHERE
        SEGMENT_START <![CDATA[ <= ]]> #{phone,jdbcType=VARCHAR}
        AND SEGMENT_END <![CDATA[ >= ]]> #{phone,jdbcType=VARCHAR}
    </select>
    <!-- 记录用户反馈信息 -->
    <insert id="saveFeedback" parameterType="Map">
        INSERT INTO CM_PS_FEEDBACK(
            FEEDBACK_ID,
            USERID,
            PLAT,
            INDUSTRY,
            COMMENTS,
            PROBLEM_TYPE,
            FEEDBACK_CONTENT,
            IMAGE_PATH,
            CREATE_TIME,
        MSISDNORICCID,
        STARTTIME
        <if test="name != null and name != ''">
            ,USERNAME
        </if>
        <if test="phone != null and phone != ''">
            ,USERPHONE
        </if>
        )VALUES(
            #{feedback_id,jdbcType=VARCHAR},
            #{userId,jdbcType=VARCHAR},
            #{plat,jdbcType=VARCHAR},
            #{industry,jdbcType=VARCHAR},
            <choose>
                <when test="comments != null and comments != ''">
                    #{comments,jdbcType=VARCHAR},
                </when>
                <otherwise>
                    '',
                </otherwise>
            </choose>
            #{problem_type,jdbcType=VARCHAR},
            #{feedback_content,jdbcType=VARCHAR},
            #{image_path,jdbcType=VARCHAR},
            SYSDATE
        <choose>
            <when test="msisdnOrIccid != null and msisdnOrIccid != ''">
                ,#{msisdnOrIccid,jdbcType=VARCHAR}
            </when>
            <otherwise>
                ,''
            </otherwise>
        </choose>
        <choose>
            <when test="startTime != null and startTime != ''">
                ,#{startTime,jdbcType=VARCHAR}
            </when>
            <otherwise>
                ,''
            </otherwise>
        </choose>
        <if test="name != null and name != ''">
            ,#{name,jdbcType=VARCHAR}
        </if>
        <if test="phone != null and phone != ''">
            ,#{phone,jdbcType=VARCHAR}
        </if>
            )
    </insert>


    <select id="getAuthedUserId" parameterType="String" resultType="String">
        SELECT
        T.USERID
        FROM
        SA_PS_USER T
        WHERE
          T.USERID =(SELECT DISTINCT USERID FROM SA_PS_CUST WHERE CUST_CERT_ID = F_ENCRYPT_ONELINK(#{custCertNo,jdbcType=VARCHAR}))
          AND T.VERIFIED = '01'
    </select>

    <select id="batchQryStatus" parameterType="map" resultType="com.cmiot.mybatis.vo.MsisdnBindingVo">
        <foreach collection="list" item="m" separator="UNION ALL">
            SELECT
                DECODE(#{m.msisdn,jdbcType=VARCHAR},NULL,'',#{m.msisdn,jdbcType=VARCHAR}) AS msisdn,
                DECODE(#{m.iccid,jdbcType=VARCHAR},NULL,'',#{m.iccid,jdbcType=VARCHAR}) AS iccid,
                DECODE(#{m.subsId,jdbcType=VARCHAR},NULL,'',#{m.subsId,jdbcType=VARCHAR}) AS subsId,
                DECODE(#{m.bindTime,jdbcType=VARCHAR},NULL,'',#{m.bindTime,jdbcType=VARCHAR}) AS bindTime,
                DECODE(#{m.unbindTime,jdbcType=VARCHAR},NULL,'',#{m.unbindTime,jdbcType=VARCHAR}) AS unbindTime,
                DECODE(#{m.modifyTime,jdbcType=VARCHAR},NULL,'',#{m.modifyTime,jdbcType=VARCHAR}) AS modifyTime,
                DECODE(#{m.bindStatus,jdbcType=VARCHAR},NULL,'',#{m.bindStatus,jdbcType=VARCHAR}) AS bindStatus,
                DECODE(#{m.remark,jdbcType=VARCHAR},NULL,'',#{m.remark,jdbcType=VARCHAR}) AS remark,
                DECODE(#{m.cardBelong,jdbcType=VARCHAR} ,NULL,'',#{m.cardBelong,jdbcType=VARCHAR}) AS cardBelong,
                DECODE(#{m.chargeUrl,jdbcType=VARCHAR},NULL,'',#{m.chargeUrl,jdbcType=VARCHAR}) AS chargeUrl,
                DECODE(#{m.custId,jdbcType=VARCHAR},NULL,'',#{m.custId,jdbcType=VARCHAR}) AS custId,
                DECODE(#{m.beId,jdbcType=VARCHAR},NULL,'',#{m.beId,jdbcType=VARCHAR}) AS beId,
                DECODE(#{m.userId,jdbcType=VARCHAR},NULL,'',#{m.userId,jdbcType=VARCHAR}) AS userId,
                DECODE(#{m.topTime,jdbcType=VARCHAR},NULL,'',#{m.topTime,jdbcType=VARCHAR}) AS topTime,
                DECODE(#{m.isTop,jdbcType=VARCHAR},NULL,'',#{m.isTop,jdbcType=VARCHAR}) AS isTop,
                DECODE((SELECT SUBSID FROM CM_SUBS_SUBSCRIBER WHERE MSISDN = #{m.msisdn,jdbcType=VARCHAR} AND ROWNUM = 1),#{m.subsId,jdbcType=VARCHAR},'true','false') AS sameSubsId,
                (SELECT STATUS FROM CM_SUBS_SUBSCRIBER WHERE MSISDN = #{m.msisdn,jdbcType=VARCHAR} AND ROWNUM = 1) AS status
            FROM DUAL
        </foreach>
    </select>
    <!--校验用户操作权限-->
    <select id="selectCtByMsisdn" parameterType="String" resultType="com.cmiot.mybatis.vo.MsisdnBindingVo">
        SELECT
            MSISDN AS msisdn,
            CUST_ID AS custId,
            ICCID AS iccid
        FROM
            CM_PS_BIND
        WHERE
            MSISDN = #{msisdn,jdbcType=VARCHAR }
        AND CARD_BELONG = '01'
        AND BIND_STATUS LIKE '01%'
    </select>

    <!--获取以实名且账户状态正常的用户ID-->
    <select id="authAndNormalUserId" parameterType="String" resultType="String">
        SELECT
        T.USERID
        FROM
        SA_PS_USER T
        WHERE
          T.USERID =(SELECT DISTINCT USERID FROM SA_PS_CUST WHERE CUST_CERT_ID =F_ENCRYPT_ONELINK(#{custCertNo,jdbcType=VARCHAR}))
          AND T.VALID = '01'
          AND T.VERIFIED = '01'
    </select>

    <select id="bindStatusQuery" parameterType="map" resultType="int">
        select count(1) from SA_PS_USER where userid=#{userId} and valid='01'
    </select>

    <select id="bindMsisdnCountQuery" parameterType="map" resultType="int">
        select count(1) from SA_PS_CUST a join CM_PS_BIND b on a.cust_id=b.cust_id where a.userid=#{userId} and b.BIND_STATUS LIKE CONCAT('01','%')
        <if test="bindStatus != null and bindStatus != ''">
            AND b.BIND_STATUS LIKE CONCAT(#{bindStatus,jdbcType=VARCHAR},'%')
        </if>
        <if test="msisdn != null and msisdn != ''">
            AND b.MSISDN LIKE CONCAT(#{msisdn},'%')
        </if>
        <if test="iccid != null and iccid !=''">
            AND b.ICCID LIKE CONCAT(#{iccid},'%')
        </if>
        <if test="remark != null and remark !=''">
            AND b.REMARK LIKE CONCAT(#{remark},'%')
        </if>
        <if test="cardBelong != null and cardBelong != ''">
            AND b.CARD_BELONG = #{cardBelong,jdbcType=VARCHAR}
        </if>
    </select>

    <select id="bindMsisdnListQuery" parameterType="map" resultType="com.cmiot.mybatis.vo.MsisdnBindingVo">
        SELECT * FROM (
        SELECT TMP.*,ROWNUM ROWNO FROM (
        select b.CUST_ID AS CUSTID,
        b.MSISDN AS MSISDN,
        b.ICCID AS ICCID,
        TO_CHAR(b.BIND_TIME, 'yyyy-mm-dd hh24:mi:ss') AS BINDTIME,
        TO_CHAR(b.UNBIND_TIME, 'yyyy-mm-dd hh24:mi:ss') AS UNBINDTIME,
        TO_CHAR(b.MODIFY_TIME, 'yyyy-mm-dd hh24:mi:ss') AS MODIFYTIME,
        b.BIND_STATUS AS BINDSTATUS,
        TRIM(b.REMARK) AS REMARK,
        b.CARD_BELONG AS CARDBELONG,
        TO_CHAR(b.TOP_TIME, 'yyyy-mm-dd hh24:mi:ss') AS TOPTIME,
        b.IS_TOP AS ISTOP,
        b.SUBSID AS SUBSID from SA_PS_CUST a join CM_PS_BIND b on a.cust_id=b.cust_id where a.userid=#{userId} and b.BIND_STATUS LIKE CONCAT('01','%')
        <if test="bindStatus != null and bindStatus != ''">
            AND b.BIND_STATUS LIKE CONCAT(#{bindStatus,jdbcType=VARCHAR},'%')
        </if>
        <if test="msisdn != null and msisdn != ''">
            AND b.MSISDN LIKE CONCAT(#{msisdn},'%')
        </if>
        <if test="iccid != null and iccid !=''">
            AND b.ICCID LIKE CONCAT(#{iccid},'%')
        </if>
        <if test="remark != null and remark !=''">
            AND b.REMARK LIKE CONCAT(#{remark},'%')
        </if>
        <if test="cardBelong != null and cardBelong != ''">
            AND b.CARD_BELONG = #{cardBelong,jdbcType=VARCHAR}
        </if>
        order by b.TOP_TIME desc) TMP
        WHERE ROWNUM <![CDATA[ <= ]]> #{end,jdbcType=NUMERIC}) T
        WHERE T.ROWNO <![CDATA[ >= ]]> #{start,jdbcType=NUMERIC}
    </select>

    <select id="queryOpenIdByPhone" parameterType="map" resultType="String">
        select openid from SA_PS_USER where phone=#{phone}
    </select>

    <update id="deleteOpenIdByPhone" parameterType="map">
        update SA_PS_USER set openid='' where phone=#{phone}
    </update>

    <select id="queryRegisterStatusPb" parameterType="String" resultType="int">
select count(1) from CM_PS_PB_REGISTER where msisdn=#{msisdn} and register_code in ('0','0000','00000')
    </select>

    <select id="queryRegisterStatusCt" parameterType="String" resultType="int">
select count(1) from CM_PS_REGISTER where msisdn=#{msisdn} and register_code in ('0','0000','00000')
    </select>
</mapper>
