<?xml version="1.0" encoding="UTF-8" ?>
<!DOCTYPE mapper PUBLIC "-//mybatis.org//DTD Mapper 3.0//EN" "http://mybatis.org/dtd/mybatis-3-mapper.dtd" >

<mapper namespace="com.cmiot.mybatis.dao.SearchHistoryDao">

    <insert id="saveSearchHistory" parameterType="Map">
      INSERT INTO WX_SEARCH_HISTORY_WECHAT (
            ID,
            MSISDN,
            CREATE_TIME,
            USER_ID
        )
        VALUES
            (
            #{id, jdbcType=VARCHAR},
            #{msisdn, jdbcType=VARCHAR},
            to_date(#{createTime,jdbcType=VARCHAR }, 'yyyy-mm-dd hh24:mi:ss'),
            #{userId, jdbcType=VARCHAR}
            )
    </insert>

    <select id="getSearchList" parameterType="Map" resultType="com.cmiot.mybatis.vo.WxHistoryEntity">
        SELECT *
        FROM(
          SELECT
            ID,
            MSISDN,
            CREATE_TIME AS CREATETIME,
            USER_ID AS USERID
          FROM
            WX_SEARCH_HISTORY_WECHAT HISTORY
          WHERE
            HISTORY.USER_ID = #{userId, jdbcType=VARCHAR}
          ORDER BY CREATE_TIME DESC
        ) T1
        WHERE ROWNUM <![CDATA[ <= ]]> 20
    </select>

    <update id="updateHistory" parameterType="com.cmiot.mybatis.vo.WxHistoryEntity">
      UPDATE
        WX_SEARCH_HISTORY_WECHAT T
      SET
        T.CREATE_TIME=SYSDATE
      WHERE
        T.USER_ID = #{userId, jdbcType=VARCHAR} AND T.MSISDN = #{msisdn, jdbcType=VARCHAR}
    </update>

    <select id="getHistory" parameterType="Map" resultType="com.cmiot.mybatis.vo.WxHistoryEntity">
        SELECT *
        FROM(
            SELECT
                ID,
                MSISDN,
                CREATE_TIME AS CREATETIME,
                USER_ID AS USERID
            FROM
              WX_SEARCH_HISTORY_WECHAT HISTORY
            WHERE
              HISTORY.USER_ID = #{userId, jdbcType=VARCHAR} AND HISTORY.MSISDN = #{msisdn, jdbcType=VARCHAR}
            ORDER BY HISTORY.CREATE_TIME DESC
        ) T1
        WHERE ROWNUM <![CDATA[ <= ]]> 1
    </select>

</mapper>
