<?xml version="1.0" encoding="UTF-8" ?>
<!DOCTYPE mapper PUBLIC "-//mybatis.org//DTD Mapper 3.0//EN" "http://mybatis.org/dtd/mybatis-3-mapper.dtd" >

<mapper namespace="com.cmiot.mybatis.dao.WxUserInfoDao">

    <insert id="register" parameterType="Map">
      INSERT INTO WX_SA_SR_USER (
            ID,
            OPEN_ID,
            PHONE,
            USER_TYPE,
            LAST_OPERATE_TIME,
            CREATE_TIME
        )
        VALUES
        (
            #{id, jdbcType=VARCHAR},
            #{openId, jdbcType=VARCHAR},
            F_ENCRYPT_ONELINK(#{phone, jdbcType=VARCHAR}),
            #{userType, jdbcType=VARCHAR},
            to_date(#{lastOperateTime,jdbcType=VARCHAR }, 'yyyy-mm-dd hh24:mi:ss'),
            to_date(#{createTime,jdbcType=VARCHAR }, 'yyyy-mm-dd hh24:mi:ss')
        )
    </insert>

    <update id="updateType" parameterType="Map">
        UPDATE WX_SA_SR_USER T SET T.USER_TYPE = #{type,jdbcType=VARCHAR} WHERE T.ID = #{userId,jdbcType=VARCHAR}
    </update>

    <insert id="bind" parameterType="Map">
        INSERT INTO WX_EC_BIND_INFO (
            ID,
            OPER_ID,
            USER_ID,
            CREATE_TIME,
            CUST_NAME,
            CUST_ID
        )
        VALUES
            (
                #{id, jdbcType=VARCHAR},
                #{ecName, jdbcType=VARCHAR},
                #{userId, jdbcType=VARCHAR},
                to_date(#{createTime,jdbcType=VARCHAR }, 'yyyy-mm-dd hh24:mi:ss'),
                #{custName, jdbcType=VARCHAR},
                #{custId, jdbcType=VARCHAR}
            )
    </insert>

    <select id="accountlist" parameterType="Map" resultType="com.cmiot.mybatis.vo.EcAccountEntity">
        SELECT
        ID,
        OPER_ID AS OPERID,
        USER_ID AS USERID,
        CREATE_TIME AS CREATETIME,
        CUST_NAME AS CUSTNAME,
        CUST_ID AS CUSTID
        FROM
            WX_EC_BIND_INFO T
        WHERE
            T .USER_ID = #{userId,jdbcType=VARCHAR}
        <if test="ecName != null and ecName != ''">
            AND T .OPER_ID = #{ecName,jdbcType=VARCHAR}
        </if>
    </select>

    <select id="getWxUserInfo" parameterType="Map" resultType="Map">
        SELECT
            T . ID AS userId,
            T .OPEN_ID AS openId,
            T .USER_TYPE AS userType,
            T .CREATE_TIME AS createTime,
            T .LAST_OPERATE_TIME AS lastOperateTime,
            F_DECRYPT_ONELINK(T .PHONE) AS phone,
            T1.BINDNUM AS BINDNUM
        FROM
            WX_SA_SR_USER T,
            (
                SELECT
                    COUNT (ec. ID) AS BINDNUM
                FROM
                    (select * from WX_SA_SR_USER where OPEN_ID = #{openId,jdbcType=VARCHAR}) T1,
                    WX_EC_BIND_INFO ec
                WHERE
                    ec.USER_ID = T1.ID
            ) t1
        WHERE
            T .OPEN_ID = #{openId,jdbcType=VARCHAR}
    </select>

    <delete id="deleteAccount" parameterType="Map">
        DELETE
        FROM
            WX_EC_BIND_INFO T
        WHERE
            T .USER_ID = #{userId,jdbcType=VARCHAR}
        <if test="ecName != null and ecName != ''">
            AND T .OPER_ID = #{ecName,jdbcType=VARCHAR}
        </if>
    </delete>

    <select id="checkOpenId" parameterType="Map" resultType="long">
        SELECT COUNT(*) FROM WX_SA_SR_USER WHERE OPEN_ID = #{openId,jdbcType=VARCHAR}
    </select>

    <select id="getEcList" parameterType="Map" resultType="String">
        SELECT T.CUST_ID FROM WX_EC_BIND_INFO T WHERE T.USER_ID = #{userId,jdbcType=VARCHAR}
    </select>

    <select id="getCustIdByMsisdn" parameterType="Map" resultType="String">
        SELECT T.CUSTID FROM CM_SUBS_SUBSCRIBER T WHERE T.MSISDN = #{msisdn,jdbcType=VARCHAR}
    </select>

    <select id="getUserStatus" parameterType="Map" resultType="String">
        SELECT T.STATUS FROM CM_CU_CUSTOMER T WHERE T.PHONE = #{phone,jdbcType=VARCHAR} AND T.CUSTTYPE = 1
    </select>


    <select id="getUserIdByOnlyPhone" parameterType="String" resultType="String">
       SELECT T.USERID FROM SA_PS_USER T WHERE T.PHONE = #{phone,jdbcType=VARCHAR} AND T.VALID = '01'
    </select>


    <select id="queryMsisdnByPhone" parameterType="Map" resultType="com.cmiot.mybatis.vo.UserMsisdnDetail">
        SELECT
	        S.MSISDN,
	        S.STATUS
        FROM
	        CM_SUBS_SUBSCRIBER S
        WHERE
	        S.CUSTID = ( SELECT T.CUSTID FROM CM_CU_CUSTOMER T WHERE T.PHONE = #{phone,jdbcType=VARCHAR} AND T.CUSTTYPE = 1 )
    </select>

    <select id="getUserType" parameterType="Map" resultType="String">
      SELECT T.USER_TYPE FROM WX_SA_SR_USER T WHERE T.ID = #{userId,jdbcType=VARCHAR}
    </select>

    <resultMap id="getPhoneResult" type="java.lang.String">
        <result column="phone" property="phone" jdbcType="VARCHAR"/>
    </resultMap>

    <select id="getUserPhoneByOpenId" parameterType="Map" resultMap="getPhoneResult">
      SELECT F_DECRYPT_ONELINK(T.PHONE) AS PHONE FROM WX_SA_SR_USER T WHERE T.OPEN_ID = #{openId,jdbcType=VARCHAR} ORDER BY CREATE_TIME
    </select>

    <select id="getMsisdnStatus" parameterType="String" resultType="String">
        SELECT T.STATUS FROM CM_SUBS_SUBSCRIBER T WHERE T.MSISDN = #{msisdn,jdbcType=VARCHAR}
    </select>
</mapper>
