<?xml version="1.0" encoding="utf-8"?>
<configuration debug="false" scan="true" scanPeriod="30">
    <include resource="org/springframework/boot/logging/logback/defaults.xml"/>
    <!--日志根路径-->
    <springProperty scope="context" name="iot.log.path" source="iot.log.path"/>
    <springProperty scope="context" name="module.name" source="spring.application.name"/>
    <property name="log.base" value="${iot.log.path}${module.name}"/>
    <springProperty scope="context" name="log.level" source="logging.level"/>
    <springProperty scope="context" name="report.mybatis.log.level" source="report.mybatis.log.level"/>

    <!-- conf consoel out -->
    <appender name="console_out" class="ch.qos.logback.core.ConsoleAppender">
        <encoder>
            <pattern>%d %-4relative %-5level [%thread] %logger{80} - %msg%n
            </pattern>
        </encoder>
    </appender>
    <!-- file out -->
    <appender name="errorFileAppender" class="ch.qos.logback.core.rolling.RollingFileAppender">
        <file>${log.base}/error/error.log</file>
        <filter class="ch.qos.logback.classic.filter.LevelFilter">
            <level>ERROR</level>
            <onMatch>ACCEPT</onMatch>
            <onMismatch>DENY</onMismatch>
        </filter>
        <rollingPolicy class="ch.qos.logback.core.rolling.SizeAndTimeBasedRollingPolicy">
            <!--设置日志命名模式-->
            <fileNamePattern>${log.base}/error/error.%d{yyyy-MM-dd}.%i.zip</fileNamePattern>
            <!--最多保留30天log-->
            <maxHistory>7</maxHistory>
            <maxFileSize>500MB</maxFileSize>
            <totalSizeCap>4GB</totalSizeCap>
        </rollingPolicy>
        <encoder>
            <charset>utf-8</charset>
            <pattern>%d %-4relative %-5level [%thread] %logger{80} - %msg%n
            </pattern>
        </encoder>
    </appender>

    <!--  file out -->
    <appender name="traceFileAppender" class="ch.qos.logback.core.rolling.RollingFileAppender">
        <file>${log.base}/${module.name}.log</file>
        <rollingPolicy class="ch.qos.logback.core.rolling.SizeAndTimeBasedRollingPolicy">
            <!--设置日志命名模式-->
            <fileNamePattern>${log.base}/${module.name}.%d{yyyy-MM-dd}.%i.zip</fileNamePattern>
            <!--最多保留30天log-->
            <maxHistory>7</maxHistory>
            <maxFileSize>500MB</maxFileSize>
            <totalSizeCap>4GB</totalSizeCap>
        </rollingPolicy>
        <encoder>
            <charset>utf-8</charset>
            <pattern>%d %-4relative %-5level [%thread] %logger{80} - %msg%n</pattern>
        </encoder>
    </appender>
    <!--report-service myibatis log configure-->
    <logger name="reportMapper" level="${report.mybatis.log.level:INFO}"/>
    <root level="INFO">
        <appender-ref ref="console_out"/>
        <appender-ref ref="errorFileAppender"/>
        <appender-ref ref="traceFileAppender"/>
    </root>
</configuration>
