{
	"code": "0",
	"errParams": ["成功"],
	"data": {
		"10": "安防行业",
		"3": "车联网后装",
		"50": "车联网前装",
		"4": "穿戴设备",
		"7": "工业制造",
		"57": "共享KTV",
		"56": "共享按摩椅",
		"54": "共享充电宝",
		"55": "共享电动车",
		"53": "共享汽车",
		"58": "共享洗衣机",
		"8": "国际业务",
		"15": "环境保护",
		"14": "集成服务",
		"59": "家电行业",
		"11": "教育行业",
		"2": "金融行业",
		"5": "能源电力",
		"12": "设备监控",
		"6": "视频监控",
		"52": "消费电子类-电脑笔记本",
		"16": "畜牧农业",
		"9": "医疗设备",
		"13": "政府市政",
		"51": "智能单车",
		"17": "其他"
	},
	"success": true
}