{
    "code": "0",
    "errParams": null,
    "data": {
        "msisdn": "1064851101932",
        "openTime": "2012-11-12 15:20:00.0",
        "provinceId": "791",
        "provinceName": null,
        "balance": "152.30",
        "iccid": "46004099907594628542",
        "imsi": "43021524152635123514",
        "imei": "359983007791761",
        "netStatus": "0",
        "status": "05",
        "cardBelong": "01",
        "chargeURL": "https://touch.10086.cn/i/mobile/rechargeinterofth.html"
    },
    "success": true
}