{
    "code": "0",
    "errParams": null,
    "data": {
        "count": 5,
        "normal": 0,
        "downtime": 0,
        "viewList": null,
        "list": [{
                "msisdn": "2064844756763",
                "iccid": "46004099907594628547",
                "bindTime": "2019-01-16 01:00:00.0",
                "unbindTime": null,
                "modifyTime": "2019-01-16 02:00:00.0",
                "bindStatus": "01",
                "remark": "",
                "cardBelong": "01",
                "balance": "56.23",
                "useTotal": "702",
                "chargeUrl": "https://touch.10086.cn/i/mobile/rechargeinterofth.html",

                "topTime": null,
                "isTop": "00",
                "status": "2",
                "commont": "/**生命周期状态 1：待激活 2：已激活 4：停机 6：可测试 7：库存 8：预销户*/",

            },
            {
                "msisdn": "1064844756762",
                "iccid": "46004099907594628548",
                "bindTime": "2019-01-16 01:00:00.0",
                "unbindTime": null,
                "modifyTime": "2019-01-16 02:00:00.0",
                "bindStatus": "01",
                "remark": "037281房贷首付",
                "cardBelong": "00",
                "balance": "56.23",
                "useTotal": "7",
                "chargeUrl": "https://touch.10086.cn/i/mobile/rechargeinterofth.html",

                "topTime": null,
                "isTop": "00",
                "status": "04",

            },
            {
                "msisdn": "1064844756761",
                "iccid": "46004099907594628542",
                "bindTime": "2019-01-16 01:00:00.0",
                "unbindTime": null,
                "modifyTime": "2019-01-16 02:00:00.0",
                "bindStatus": "00",
                "remark": "03728432反倒是",
                "cardBelong": "00",
                "balance": "56.23",
                "useTotal": "70244",
                "chargeUrl": "https://touch.10086.cn/i/mobile/rechargeinterofth.html",

                "topTime": null,
                "isTop": "00"


            },
            {
                "msisdn": "1064844756760",
                "iccid": "46004099907594628543",
                "bindTime": "2019-01-16 01:00:00.0",
                "unbindTime": null,
                "modifyTime": "2019-01-16 02:00:00.0",
                "bindStatus": "00",
                "remark": "037281站三",
                "cardBelong": "01",
                "balance": "56.23",
                "useTotal": "70244",
                "chargeUrl": "https://touch.10086.cn/i/mobile/rechargeinterofth.html",

                "topTime": null,
                "isTop": "00"


            },
            {
                "msisdn": "1064323844756768",
                "iccid": "46004099907594628544",
                "bindTime": "2019-01-16 01:00:00.0",
                "unbindTime": null,
                "modifyTime": "2019-01-16 02:00:00.0",
                "bindStatus": "01",
                "remark": "037281的身份",
                "cardBelong": "00",
                "balance": "56.23",
                "useTotal": "70244",
                "chargeUrl": "https://touch.10086.cn/i/mobile/rechargeinterofth.html",

                "topTime": null,
                "isTop": "00"


            }
        ]
    }
}