{
  "code": "0",
  "errParams": null,
  "data": [
    {
      "prodName": "短信5元套餐（标准版）",
      "availableDate": "2016-07-20",
      "endDate": "2018-06-21",
      "orderDate": null,
      "prodInstId": null,
      "prodId": "I054310100006"
    },
    {
      "prodName": "流浪25元套餐（标准版）",
      "availableDate": "2016-08-20",
      "endDate": "2018-06-21",
      "orderDate": null,
      "prodInstId": null,
      "prodId": "I000101342006"
    }
  ],
  "success": true
}
