{
	"code": "0",
	"errParams": null,
	"data": {
		"list": [{
			"msisdn": "17296442800",
			"iccid": "89860076997296443677",
			"bindTime": "2019-04-17 17:41:10",
			"unbindTime": null,
			"modifyTime": "2019-04-17 17:41:10",
			"bindStatus": "011",
			"remark": null,
			"cardBelong": "01",
			"balance": null,
			"useTotal": null,
			"chargeUrl": null,
			"custId": "4211221996120222222",
			"beId": null,
			"userId": null,
			"topTime": "2019-04-17 17:41:10",
			"isTop": "00",
			"status": "2"
		}, {
			"msisdn": "17296648955",
			"iccid": "89860076997219927672",
			"bindTime": "2019-04-17 17:41:10",
			"unbindTime": null,
			"modifyTime": "2019-04-17 17:41:10",
			"bindStatus": "011",
			"remark": null,
			"cardBelong": "01",
			"balance": null,
			"useTotal": null,
			"chargeUrl": null,
			"custId": "4211221996120222222",
			"beId": null,
			"userId": null,
			"topTime": "2019-04-17 17:41:10",
			"isTop": "00",
			"status": "2"
		}, {
			"msisdn": "17296656080",
			"iccid": "89860076997219937820",
			"bindTime": "2019-04-15 16:07:03",
			"unbindTime": null,
			"modifyTime": "2019-04-15 16:13:24",
			"bindStatus": "01",
			"remark": null,
			"cardBelong": "01",
			"balance": null,
			"useTotal": null,
			"chargeUrl": null,
			"custId": "4211221996120222222",
			"beId": null,
			"userId": null,
			"topTime": "2019-04-15 16:08:12",
			"isTop": "00",
			"status": "2"
		}, {
			"msisdn": "1064851100957",
			"iccid": "46004099941501832482",
			"bindTime": "2019-04-15 15:37:31",
			"unbindTime": null,
			"modifyTime": "2019-04-15 15:46:17",
			"bindStatus": "01",
			"remark": null,
			"cardBelong": "00",
			"balance": null,
			"useTotal": null,
			"chargeUrl": null,
			"custId": "4211221996120222222",
			"beId": null,
			"userId": null,
			"topTime": "2019-04-15 15:41:04",
			"isTop": "00",
			"status": "00"
		}, {
			"msisdn": "1064813611431",
			"iccid": "898602B13016C0019736",
			"bindTime": "2019-04-11 17:10:36",
			"unbindTime": null,
			"modifyTime": "2019-04-11 17:10:36",
			"bindStatus": "01",
			"remark": null,
			"cardBelong": "00",
			"balance": null,
			"useTotal": null,
			"chargeUrl": null,
			"custId": "4211221996120222222",
			"beId": null,
			"userId": null,
			"topTime": "2019-04-11 17:10:36",
			"isTop": "00",
			"status": "00"
		}, {
			"msisdn": "1064813611962",
			"iccid": "898602B13016C0016166",
			"bindTime": "2019-04-11 17:09:53",
			"unbindTime": null,
			"modifyTime": "2019-04-11 17:09:53",
			"bindStatus": "01",
			"remark": null,
			"cardBelong": "00",
			"balance": null,
			"useTotal": null,
			"chargeUrl": null,
			"custId": "4211221996120222222",
			"beId": null,
			"userId": null,
			"topTime": "2019-04-11 17:09:53",
			"isTop": "00",
			"status": "00"
		}]
	},
	"success": true
}