<?xml version="1.0" encoding="UTF-8"?>
<beans xmlns="http://www.springframework.org/schema/beans"
       xmlns:xsi="http://www.w3.org/2001/XMLSchema-instance"
       xsi:schemaLocation="http://www.springframework.org/schema/beans http://www.springframework.org/schema/beans/spring-beans.xsd">
    <import resource="classpath:database-connector.xml"/>
    <bean id="sqlSessionFactory" class="org.mybatis.spring.SqlSessionFactoryBean" depends-on="dynamicDataSource">
        <property name="dataSource" ref="dynamicDataSource"/>
        <property name="configuration" ref="mybatisConfigBean"/>
        <property name="mapperLocations" value="classpath:com/cmiot/mybatis/mapper/*.xml"></property>
    </bean>
    <bean id="mybatisConfigBean" class="org.apache.ibatis.session.Configuration">
        <property name="callSettersOnNulls" value="true"></property>
    </bean>
</beans>